{
    "metadata": {
        "title": "Augmentative and Alternative Communication  Traumatic Brain InjuryEvaluation and therapeutic services for augmentative and alternative communication (AAC) for persons with traumatic brain injury (TBI)",
        "synonyms": [
            "aac  traumatic brain injury",
            "brain injury, traumatic  augmentative and alternative communication",
            "communication, augmentative and alternative: traumatic brain injury"
        ],
        "anatomical location body part affected": [],
        "area of specialty": [
            "adult neurological disorders",
            "pediatric genetic and/or neurological disorders",
            "augmentative and alternative communication"
        ],
        "description": [
            "AAC is a system for communication that supplements or replaces verbal communication (speech) and includes four main components: symbols, aids, strategies, and techniques(1,2) \u2013Symbols can include objects, drawings, photographs, and orthography (written language; e.g., words, letters, sentences)(1) \u2013Aids can be relatively simple or complex devices for transmitting or receiving messages (e.g., communication board, letter board, electronic speech-generating  device [SGD])(1) \u2013Strategies refer to the methods by which the symbols can be conveyed in the easiest and most efficient manner (e.g., keyboard layout)(1) \u2013Techniques refer to the ways in which the messages are selected for transmission (e.g., direct selection, scanning)(1)",
            "TBI refers to a blunt or penetrating brain injury that results in a disruption of brain function. Trauma can be focal (localized) or diffuse (involving a large part of the brain). Injury from a TBI occurs in two stages, the primary injury and the secondary injury. In the primary injury, tissue damage can occur at the injury site (coup injury) and 180\u00ba across from the initial injury (contrecoup injury). Primary injury can be caused by skull fracture, contusions (bruising), hematomas, lacerations (tearing of lobes or blood vessels of the brain), and/or damage from shearing or cutting of nerve fibers.(3) Secondary injury refers to the damage caused by the normal physiologic responses to an initial head injury, including inflammation, fever, edema, hemorrhage, and decreased cerebral blood flow.(4) Secondary injury can also occur in the form of posttraumatic, chronic seizures following the initial head injury.(5) For detailed information on different levels of recovery from TBI, please see the series of Clinical Reviews on TBI and the Ranchos Los Amigos levels of cognitive functioning. For detailed information on dysphagia associated with TBI, please see Clinical Review\u2026Dysphagia: Traumatic Brain Injury in Adult Patients ; CINAHL Topic ID Number: T709012and Clinical Review\u2026Dysphagia: Traumatic Brain Injury in Pediatric Patients ; CINAHL Topic ID Number: T709008",
            "Communication difficulties associated with TBI include motor speech problems, specific language impairments, and cognitive-based language impairments.(6,7) Other symptoms  of TBI include behavioral, motor, visual, perceptual, and personality changes that may also affect communication(8)",
            "Pragmatic skills such as prosody, affect, topic selection, topic maintenance, turn-taking,  conciseness, and fluency are often affected by TBI(9) \u2013Poor conversational turn-taking  occurs frequently because patients with TBI often do not recognize or will misinterpret both verbal and nonverbal signals from conversational partners (e.g., natural pauses for emotion, eye contact, body language)(50)",
            "For patients with TBI, AAC use might be short-term  (during the recovery period) or permanent(1,7)",
            "Patients with TBI who use AAC systems have been categorized into three different types of communicators at the final stage of recovery: 1) dependent communicators, those who have significant residual cognitive and motor impairments and require partners to support their use of AAC; 2) cued communicators, those who have residual cognitive impairment and require minimal support to use AAC systems, particularly in environments outside of the home; and 3) independent communicators, those who can initiate interactions with familiar and unfamiliar partners in a variety of settings(6)"
        ],
        "indications": [
            "Patients who have temporary loss of speech or language or fail to recover speech and language abilities are candidates for AAC intervention(8)"
        ],
        "ICD-9 codes": {},
        "ICD-10 codes": {},
        "ICD-11": {},
        "G-codes": {
            "Motor Speech G-code set": {
                "G8999": "Motor speech functional limitation, current status at time of initial therapy treatment/episode outset and reporting intervals",
                "G9186": "Motor speech functional limitation, projected goal status at initial therapy treatment/outset and at discharge from therapy",
                "G9158": "Motor speech functional limitation, discharge status at discharge from therapy/end of reporting on limitation"
            },
            "Spoken Language Comprehension G-code set": {
                "G9159": "Spoken language comprehension functional limitation, current status at time of initial therapy treatment/episode outset and reporting intervals",
                "G9160": "Spoken language comprehension functional limitation, projected goal status at initial therapy treatment/outset and at discharge from therapy",
                "G9161": "Spoken language comprehension functional limitation, discharge status at discharge from therapy/end of reporting on limitation"
            },
            "Spoken Language Expressive G-code set": {
                "G9162": "Spoken language expression functional limitation, current status at time of initial therapy treatment/episode outset and reporting intervals",
                "G9163": "Spoken language expression functional limitation, projected goal status at initial therapy treatment/outset and at discharge from therapy",
                "G9164": "Spoken language expression functional limitation, discharge status at discharge from therapy/end of reporting on limitation"
            },
            "Other Speech Language Pathology G-code set": {
                "G9174": "Other speech language pathology functional limitation, current status at time of initial therapy treatment/episode outset and reporting intervals",
                "G9175": "Other speech language pathology functional limitation, projected goal status at initial therapy treatment/outset and at discharge from therapy",
                "G9176": "Other speech language pathology functional limitation, discharge status at discharge from therapy/end of reporting on limitation"
            }
        },
        "CPT codes": {
            "92605": "evaluation for prescription of a non-speech generating augmentative and alternative communication device",
            "92606": "therapeutic services for the use of a non-speech generating augmentative and alternative communication device, including programming and modification",
            "92607": "evaluation for prescription for speech-generating and alternative communication device; face-to-face with the patient",
            "92609": "therapeutic services for the use of a speech-generating device, including programming and modification"
        },
        "HCPCS codes": {
            "E1902": "communication board, nonelectronic augmentative or alternative communication device",
            "E2500": "speech generating device, digitized speech, using prerecorded messages, less than or equal to 8 minutes recording time",
            "E2502": "speech generating device, digitized speech, using prerecorded messages, greater than 8 minutes but less than or equal to 20 minutes of recording time",
            "E2504": "speech generating device, digitized speech, using prerecorded messages, greater than 20 minutes but less than or equal to 40 minutes of recording time",
            "E2506": "speech generating device, digitized speech, using prerecorded messages, greater than 40 minutes of recording time",
            "E2508": "speech generating device, synthesized speech, requiring message formulation by spelling and access by physical contact with the device",
            "E2510": "speech generating device, synthesized speech, permitting multiple methods of message formulation and multiple methods of device access",
            "E2511": "speech generating software program, for personal computer or personal digital assistant",
            "E2512": "accessory for speech generating device, mounting system",
            "E2599": "accessory for speech generating device, not otherwise specified"
        },
        "reimbursement": [
            "In the United States, applications for AAC devices can be submitted by a speech-language  pathologist (SLP) or a durable medical equipment provider to Medicare, Medicaid, vocational rehabilitation services, and other funding sources. See http://www.aacfundinghelp.com/  for information on AAC funding and a template for a funding report.(10) In many European countries, SLPs are able to contact AAC device manufacturers directly to initiate the evaluation and funding procedures(41) Guidelines for Use of AAC"
        ],
        "presentation signs and symptoms": [],
        "contraindications precautions to test": [
            "During an AAC evaluation, it is of utmost importance to be aware of a patient\u2019s pain tolerance, stamina, and level of frustration. The time of day and the number of previous evaluations can affect the patient\u2019s alertness and performance",
            "A patient\u2019s culture and native language should also be considered to determine the appropriateness of examination questions and materials",
            "Patients with TBI might not be able to complete standardized tests or answer questions regarding medical history. It recommended that the patient as well as the caregiver/family be involved in all assessment procedures and decisions regarding AAC",
            "AAC support requires specialized knowledge of equipment and understanding of how different patients may use specific equipment. The patient will most likely be assessed by a multidisciplinary team that may include a neurologist, psychologist, AAC specialist, and SLP. The attending SLP might need to refer the patient to an SLP who is an AAC specialist to assist with implementing AAC interventions and monitoring the impact of interventions(12)"
        ],
        "psychometric properties": [],
        "potential complications adverse effects": [],
        "test preparation materials required": [],
        "test procedure": [],
        "test scoring interpretation": []
    },
    "causes & risk factors": {},
    "indications for procedure": [],
    "overall contraindications precautions": [],
    "contraindications precautions to procedure": {},
    "guidelines for use of procedure": {},
    "examination": {
        "contraindications precautions to examination": [],
        "history": {
            "history of present illness": {
                "mechanism of injury or etiology of illness": "",
                "course of treatment": {
                    "medical management": "",
                    "surgical management": [],
                    "medications": "",
                    "diagnostic tests completed": [],
                    "alternative therapies": "",
                    "previous therapy": ""
                },
                "aggravating easing factors": "",
                "body chart": "",
                "nature of symptoms": "",
                "rating of symptoms": "",
                "pattern of symptoms": "",
                "sleep disturbance": "",
                "other symptoms": "",
                "respiratory status": ""
            },
            "medical history": {
                "past medical history": {
                    "previous history of same similar diagnosis": "",
                    "comorbid diagnoses": "",
                    "medications previously prescribed": "",
                    "other symptoms": ""
                }
            },
            "social and occupational history": {
                "patient\u0432\u0402\u2122s goals": "",
                "vocation avocation and associated repetitive behaviors, if any": "",
                "functional limitations assistance with ADLs adaptive equipment": "",
                "living environment": ""
            }
        },
        "relevant tests and measures": {
            "general": "",
            "anthropometric characteristics": "",
            "assistive and adaptive devices": "",
            "balance": "",
            "cardiorespiratory function and endurance": [],
            "circulation": "",
            "functional mobility": "",
            "gait locomotion": "",
            "muscle strength": "",
            "observation inspection palpation including skin assessment": [],
            "posture": "",
            "range of motion": "",
            "self-care activities of daily living": "",
            "reflex testing": "",
            "sensory testing": "",
            "special tests specific to diagnosis": "",
            "speech and language examination": "",
            "neurological examination": "",
            "oral structure and oral motor function": "",
            "perception": "",
            "arousal attention cognition": "",
            "aac assessment": "",
            "swallow examination": "",
            "tracheostomy examination": ""
        }
    },
    "assessment plan of care": {
        "contraindications precautions": {
            "cryotherapy contraindications": [],
            "cryotherapy precautions": [],
            "contraindications precautions": [],
            "superficial heat is contraindicated with": [],
            "electrotherapy contraindications precautions include": [],
            "other": [
                "Patients with a diagnosis of TBI are at risk for falls; follow facility protocols for fall prevention and post fall-prevention instructions at bedside, if inpatient. Inform patient and family/caregivers of the potential for falls and educate about fall-prevention  strategies. Discharge criteria should include independence with fall-prevention strategies",
                "Patients with TBI are at risk for swallowing and feeding difficulties. Inform the patient and family/caregivers of potential aspiration risks and educate about prevention strategies when appropriate",
                "Frontal lobe damage can cause attention problems, difficulties with executive control, and difficulties with problem solving that might interfere with the patient\u2019s ability to use an AAC system(8)",
                "Many patients with mild TBI leave the hospital without sufficient information on the possible effects of mild TBI. They are sometimes discharged without a diagnosis if radiographic studies do not indicate obvious damage. Dissemination of information regarding the effects of mild TBI is important(13)",
                "Clinicians should follow the guidelines of their clinic/hospital and what is ordered by the patient\u2019s physician. The summary below is meant to serve as a guide, not to replace orders from a physician or a clinic\u2019s specific protocols"
            ]
        },
        "diagnosis need for treatment": " Diagnosis/need for procedure The need for AAC is based upon a comprehensive AAC assessment that examines the patient\u2019s present communicative skills, communicative needs, and future communicative goals(10) AAC intervention should be a multidisciplinary and ongoing procedure that might require multiple systems over many years to accommodate changing cognitive, linguistic, and physical abilities(7) For some patients with TBI, AAC intervention is temporary as the patient goes through the recovery process(8)",
        "rule out": "",
        "prognosis": [],
        "referral to other disciplines": " Referral to other disciplinesRefer to OT and/or PT for an access evaluation (access to AAC device) and assistance with daily living skills and/ or mobility if needed. To promote AAC generalization, the SLP can co-treat  with the OT and PT, assisting the patient in using AAC during these sessions.(32) Refer to PT in cases of suspected vestibular impairment(32) Refer to ophthalmologist and/or audiologist if there are suspected visual and/or hearing impairment(s)(38,40)Refer to vocational services for assistance with work-related  issuesRefer to a psychologist or counselor for depression or anxiety(32) Refer to an AAC specialist if assistance is needed in identifying the correct AAC device/strategy and monitoring the AAC intervention(32)",
        "other considerations": [],
        "treatment summary": [
            "The level of AAC support for a patient with TBI will depend on the speech, language, motor, and cognitive skills of the patient. These skills change during the recovery period, and the patient will require different communicative support at different periods of recovery(7)",
            "In a study conducted in the United States of 25 patients with TBI, the most common form of both low-tech  and high-tech systems involved letter-by-letter  spelling(7)",
            "Other strategies to encode messages (e.g., selecting pre-programmed messages) might be more difficult for the patient with TBI due to cognitive difficulties(7)",
            "Speech recovery often occurs as cognitive impairment decreases (as the patient reaches Rancho Los Amigos Level V or VI).(7) However, speech recovery is variable and has been categorized into three patterns: 1) rapid recovery of functional speech skills, 2) recovery of speech skills after motor speech intervention, and 3) little or no recovery of functional speech several years post injury(7)",
            "Although there is a large body of research about the various types of AAC that are available for persons with TBI, there is minimal information about the effectiveness of interventions to improve cognitive-communication  abilities(52)",
            "The following treatment principles have been recommended for intervention with patients with TBI and AAC: \u2013Due to the changing effects of TBI, particularly during the acute phase of recovery, assessment should be ongoing and dynamic.(6) Whenever possible, strategies and technologies should be changeable and adaptable to increase the likelihood that the AAC will meet the frequently changing needs and abilities of a patient with TBI(41) \u2013Natural motor responses (e.g., pointing) should be used initially for communication to minimize learning demands(6) \u2013The patient\u2019s residual strengths should be utilized in treatment(6) \u2013Family and caregivers should be involved in both assessment and treatment(6) \u2013Treatment should occur in naturalistic settings (e.g., work, home) when possible(13)",
            "Partner-assisted  communication techniques: Partner-assisted  communication techniques may be needed during the initial stages of recovery \u2013The following is a list of common partner-assisted communication techniques: -Yes/no system: The patient responds \u201cyes\u201d or \u201cno\u201d to a partner\u2019s question. The responses can be natural (e.g., head nod, vocal response) or systems that require training (e.g., eye gaze system, pointing to yes/no cards, depressing a switch with a buzzer). Training of a yes/no system is done through repetition, modeling, and reinforcement by the SLP and other persons in the patient\u2019s environment(31) -Written-choice  communication: Involves a communicative partner selecting topics of interest and initiating interaction using written word choices to facilitate responses from the person with TBI. The person with TBI is provided with written word choices or graphic rating scales to point to when responding to questions. This method is dependent on the reading ability of the patient(2,10) -Augmented input techniques: As the conversational partner speaks, he or she can support the meaning by drawing and writing. This input occurs online during conversation(10) -Tagged yes/no questions: To facilitate the patient\u2019s responses to yes/no questions, the conversational partner adds a question tag (\u201cyes or no\u201d) at the end of the question, leaving a pause between \u201cyes\u201d and \u201cno.\u201d The verbal questions can be accompanied by a gesture (thumbs up or thumbs down) and appropriate intonation. The patient can then nod, gesture, or give verbal responses(10) -Cued question-asking:  The conversational partner cues the patient to ask a question to promote active participation in conversation(10) \u2013In a multicenter, nonrandomized controlled trial conducted in Australia with 29 participants with severe TBI and their regular conversational partners, researchers investigated the effects of social communication training for the conversational partners. Fourteen dyads were allocated to the experimental group and 15 to a control group. Treatment for the experimental group took place over 10 weeks and consisted of 2.5 hours of weekly group sessions (4 to 5 dyads) and 1-hour  individual sessions. The goal of the experimental intervention was to maximize communicative effectiveness by reducing the effects of cognitive-linguistic  deficits in conversation. The conversational partners were trained to support the patient with TBI in conversation (e.g., using positive question style, applying collaborative turn-taking)  in tasks such  as role-play  and video feedback. Pre- and postintervention casual conversations were analyzed using exchange structure analysis and productivity analysis as baseline and outcome measures. The postintervention analysis revealed significant reductions in the use of negative questioning behaviors by those conversational partners in the experimental group as well as significant increases in productivity by the subjects with TBI in the experimental group, resulting in more effective communication(44) \u2013In another multicenter trial conducted in Australia with the same communication partner training protocol, the researchers sought to determine which type of training was more effective for improving communication with a person who has a TBI: partner training or individual sessions focusing on the patient only.(46) In this study, 44 outpatients from three different brain injury rehabilitation centers were participants. For those allocated to the communication partner training protocol, the participant\u2019s primary communication partner was trained in effective social communication skills. Using the same protocol as described in the above study, conversation partners participated in 10 weeks of group and individual sessions along with the participants with TBI. In the individual treatment group, only the participants with TBI received training; in the control group there was no training involved. The primary outcome measure was an adapted version of the Measure of Participation in Conversation (MPC), which indicated that the communication partner training significantly improved conversational performance whereas training only the person with TBI and no intervention did not. Results were maintained at a 6-month  postintervention follow-up  session as well(46)",
            "Computer-based  AAC/SGDs: SGDs have been classified into two main types: devices that allow for formation of new messages and devices that use word or whole-phrase  retrieval of prerecorded messages. Caregivers and patients should be involved in selecting the device \u2013Factors to consider when selecting a device include:(10) -Appearance: The assessment team and patient should consider the size, type of pictures (e.g., symbolic, photographs), and hardware required. For example, a person who is mobile might want a smaller device, whereas a person who is in a wheelchair might need a larger display for ease of use -Symbols should be culturally and individually relevant (e.g., if the patient participates in religious activities, options to allow for communication in these situations should be included) -Accessibility and ease of use: Many patients have paralysis or hemiparesis and portability should be considered. Can the patient use the device while holding it at the same time? Can the patient carry the device? -V oice quality: Is the voice quality clear? Does the patient have any difficulty perceiving the voice? -Effectiveness: Is the device effective for the patient\u2019s needs? -Dynamic screen technology or static display -Language demands: How are messages composed? Letters, single words, text plus symbols, phrases, sentences, visual scenes? \u2013In a study conducted in the United States with 9 adults with severe TBI, researchers found that adding computerized text-to-speech  (TTS) software to a reading task significantly improved reading efficiency without compromising reading comprehension for these patients. The rationale behind TTS software is that persons with reading difficulties will be able to hear and see the letter/sound correspondence as well as hear sight words that cannot be easily sounded out. Additionally, researchers believe that reading while listening can reduce the cognitive load required for decoding words while reading, thereby increasing efficiency. In the abovementioned study, each participant attended six experimental sessions during which he or she was taught how to use the TTS feature on a computer. Four passages were read during each session\u2014two with TTS and two without\u2014and after each passage the participants answered 5 questions about the passage. Researchers reported that data collected from all of the sessions indicated that the reading rate was faster for the TTS condition than it was without TTS and that using TTS did not affect reading comprehension(45)",
            "Stored information systems/low-technology  interventions: Stored information systems such as a communication board, book, or remnant book allow the patient to independently access items for communication or access items with a partner\u2019s assistance. Pictures or words are personalized to meet the needs of the patient. Words can be divided into categories and placed in a small notebook or on a single piece of cardboard so that the patient can access it easily. A remnant book which contains actual items of a patient\u2019s past experiences (e.g., photographs, tickets) can be used to engage others in conversation.(2) One criticism of such devices is that they may lack personalization and contextualization.(33) Common needs typically are included in a communication device such as items depicting pain, hunger, and food choices; however, items that convey information to maintain social closeness, transfer new ideas, or express social etiquette may be deemphasized. The use of personalized visual scenes can assist the patient in conversing with a partner about topics of interest. Information manuals and free visual scenes for PC users are available online.(34) Emergency response systems  might be appropriate for a patient who is unable to clearly communicate the need for help in an emergency but is otherwise safe to be at home alone(41) \u2013In all cases, patients who use AAC for communication should have a low-tech  component to their AAC system.(47) Because batteries and computers fail, no patient should only be trained in the use of an electronic device to communicate.(47) In addition to technology failures, the clinician must consider that one AAC device or method cannot meet all of a patient\u2019s communication needs for all possible situations and speakers; hence, a low-tech option (or multiple low-tech  options) should always be provided.(2,47) There is no one low-tech  option that works best for all patients; it is important to trial several different speech supplementation methods and determine which type increases speech intelligibility/functional communication the most(48) -Low-tech  options include: -pen and paper -iconic gestures(48) -low-tech  eye gaze board (a board with topics, letters, pictures, or symbols spread out into different quadrants so the patient can use eye gaze with a partner to communicate)(47) -alphabet supplementation board (a board with the alphabet written on it so the speaker can indicate the first letter of the word he or she is trying to say when communication breakdowns occur)(47,48) -topic/semantic supplementation board (a board with frequently used and personally meaningful conversation topics or pictures on it so the speaker can indicate the topic to the listener, thereby increasing listener comprehension)(48)",
            "Facilitated communication:  In the 1990s, an AAC strategy called facilitated communication was widely promoted as a method for helping a nonverbal person to indicate letters, words, phrases, or sentences using a computer, typewriter, or alphabet board. The facilitator uses manual prompting to support the communicator\u2019s hand in selecting the letters or phrases. Multiple research studies have found that there is no scientific evidence that this method is effective or valid; blind studies in which the facilitators are asked different questions than the patient demonstrate that facilitators often unintentionally select the message for the patient rather than assist the patient in creating his or her own messages(35) . Problem Goal Intervention Expected Progression Home Program  Limited communication; speech/articulation difficulties (Rancho Los Amigos Level III)Stimulate consistent responses; begin to use meaningful communicationAAC intervention to stimulate consistent responses and meaningful communication _ During initial stage of recovery, the SLP may assist in identifying the patient\u2019s response modes and maximizing consistency of patient\u2019s responses. It is important to keep communication simple because overstimulation may exacerbate agitation in the patient.(8) The family and caregivers should be included in all assessment and trials. The SLP should counsel the caregivers/family and rehabilitation team on the communicative needs and status of the patient.(6) Examples of communicative techniques that the patient might use at this time include head nods, pointing, eye gaze, and responding to yes/no questions(8)Progression will depend on patient\u2019s skills with the main purpose of stimulating communication. Example: The patient will maximize consistent responses to yes/no questionsAll persons in the patient\u2019s environment (rehab specialists, doctors, caregivers) should be aware of the method of communication used by patient and be able to support communication Limited communication; speech/articulation difficulties. Patient may be in a confused and agitated state and have difficulty focusing (Rancho Los Amigos levels IV and V)Convey wants and needs in a particular setting with familiar partnersAAC intervention to convey wants and needs in restricted setting _ Aided as well as unaided methods of communication should be considered. Examples include writing supports, yes/no cards, communication boards, and simple voice-output devices(8)Progression will depend on patient\u2019s skills with the main purpose of assisting the patient to convey wants and needs and increase participation in familiar routinesAll persons in the patient\u2019s environment (rehab specialists, doctors, caregivers) should be aware of the method of communication used by patient and be able to support communication  Limited verbal communication; speech/articulation difficulties. Patient may be socially appropriate but have difficulty communicating efficiently (Rancho levels VI, VII, and VIII)Communicate across a variety of settings with different partnersAAC intervention to convey wants and needs across partners and settings _ Aided as well as unaided methods of communication should be considered if the patient continues to have communication difficulties. Extended trials of AAC should be performed outside of the clinical settingProgression will depend on patient\u2019s skills with the main purpose of assisting the patient to communicate outside of the clinical environmentAll persons in the patient\u2019s environment (rehab specialists, doctors, caregivers) should be aware of the method of communication used by patient and be able to support communication . See Description, Indications of device/equipment , and Guidelines for use of device/equipment , above"
        ]
    },
    "desired outcomes outcome measures": {
        "outcomes will vary with respect to the patient\u2019s changing needs during the recovery process and include improved consistency of responses, improved communication in restricted settings, improved overall communication, and participation": [],
        "intervention in the initial stages of recovery may emphasize communicating basic needs, while during the later stages of recovery treatment may focus on developing interaction strategies and improving quality of life": [],
        "periodic monitoring of aac use is necessary to identify any problems or changes in aac need. examples of goals include:": [
            "The patient will respond consistently to yes/no questions",
            "The patient will initiate conversation by establishing topics using AAC strategies",
            "The patient will communicate in a variety of settings with a variety of communication partners (familiar and unfamiliar)",
            "The patient will use an SGD to support speech"
        ]
    },
    "maintenance or prevention": [
        "In a study conducted in the United States investigating long-term  use of AAC with 25 adult patients with TBI, researchers found that the majority of patients (81%) continued to use their high-tech  AAC systems after 3 years; however, 12% had discontinued use because of lack of facilitator support after transitioning to different living settings.(7) The following recommendations have been made to maintain functional use of AAC in patients with TBI and other neurogenic disorders: Counsel the patient and family on AAC options and introduce them before language skills plateau if the need for AAC is anticipated(37) Involve the caregiver in treatment sessions and instruct the caregiver in the use of AAC strategies/device(7) Involve other rehabilitation specialists in co-treatment  and the use of AAC techniques. For example, while working with an OT, the patient may be prompted to request needed items (e.g., razor) using an AAC system(32) Provide functional AAC intervention in the patient\u2019s natural environment (e.g., home, work)(9,13)  Monitor AAC use beyond the training stage and make adaptations as necessary(12)"
    ],
    "patient education": [
        "Patient and caregiver education should include information on the effects of TBI, options for AAC, and training on how best to use AAC strategies and/or the AAC device. The SLP might also be involved in educating rehabilitation team members on how to communicate best with the patient",
        "Subtle communication deficits in patients with TBI may negatively affect patients\u2019 ability to maintain personal relationships. The patient and caregivers/family should be counseled regarding communication deficits, such as poor pragmatic skills, that may be caused by TBI(9)",
        "See patient information: Augmentative and Alternative Communication (AAC) from the American Speech-Language-Hearing  Association, https://www.asha.org/public/speech/disorders/AAC/",
        "See patient information: NINDS Traumatic Brain Injury Information Page from the National Institute of Neurological Disorders and Stroke, National Institutes of Health, https://www.ninds.nih.gov/Disorders/All-Disorders/Traumatic-Brain-Injury-Information-Page Coding Matrix References are rated using the following codes, listed in order of strength: MPublished meta-analysis SRPublished systematic or integrative literature review RCTPublished research (randomized controlled trial) RPublished research (not randomized controlled trial) CCase histories, case studies GPublished guidelinesRVPublished review of the literature RUPublished research utilization report QIPublished quality improvement report LLegislation PGRPublished government report PFRPublished funded reportPPPolicies, procedures, protocols XPractice exemplars, stories, opinions GIGeneral or background information/texts/reports UUnpublished research, reviews, poster presentations or other such materials CPConference proceedings, abstracts, presentation"
    ],
    "references": [
        {
            "number in article": 1,
            "reference": "American Speech-Language-Hearing  Association. Augmentative and Alternative Communication. https://www.asha.org/Practice-Portal/Professional-Issues/Augmentative-and-Alternative-Communication/ . Accessed April 25, 2018. (G)"
        },
        {
            "number in article": 2,
            "reference": "Koul R, Corwin M. Efficacy of AAC intervention in individuals with severe aphasia. In: Schlosser RW, ed. The Efficacy of Augmentative and Alternative Communication: Toward Evidence-Based  Practice. San Diego, CA: Academic Press; 2003:449-470.  (RV)"
        },
        {
            "number in article": 3,
            "reference": "American Speech-Language-Hearing  Association. Traumatic Brain Injury in Adults. https://www.asha.org/Practice-Portal/Clinical-Topics/Traumatic-Brain-Injury-in-Adults/ . Accessed April 25, 2018. (GI)"
        },
        {
            "number in article": 4,
            "reference": "Redmond C, Lipp J. Traumatic brain injury in the pediatric population. Nutr Clin Pract . 2006;21(5):450-461.  (GI)"
        },
        {
            "number in article": 5,
            "reference": "Woolston DJ, Stavinoha PL. Traumatic brain injury. In: Castillo CL, ed. Children with Complex Medical Issues in Schools: Neuropsychological Descriptions and Interventions . New York, NY: Springer; 2008:479-506.  (G)"
        },
        {
            "number in article": 6,
            "reference": "Fager S, Doyle M, Karantounis R. Traumatic brain injury. Augment Commun News . 2007;19(1):6-8.  (G)"
        },
        {
            "number in article": 7,
            "reference": "Fager S, Hux K, Beukelman DR, Karantounis R. Augmentative and alternative communication use and acceptance by adults with traumatic brain injury. Augment Altern Commun. 2006;22(1):37-47.  (R)"
        },
        {
            "number in article": 8,
            "reference": "Campbell L, Balandin S, Togher L. Augmentative and alternative communication use by people with traumatic brain injury: a review. Adv Speech Lang Pathol . 2002;4(2):89-94. (RV)"
        },
        {
            "number in article": 9,
            "reference": "Larkins B. The application of the ICF in cognitive-communication  disorders following traumatic brain injury. Semin Speech Lang . 2007;28(4):334-342.  (R)"
        },
        {
            "number in article": 10,
            "reference": "Making AAC decisions for clients with aphasia using the AAC-Aphasia  assessment protocol: Assessment and intervention. Based on: Garrett KL, Lasker JP. Web Workshop: AAC Assessment and Intervention for Aphasia: Clinical Tools. KSHA Conference, Wichita, KS  Web site. . 2012. (CP)"
        },
        {
            "number in article": 11,
            "reference": "Brumfitt S. Psychosocial aspects of aphasia: speech and language therapists' views on professional practice. Disabil Rehabil . 2006;28(8):523-534.  (R)"
        },
        {
            "number in article": 12,
            "reference": "Beukelman DR, Ball LJ, Fager S. An AAC personnel framework: adults with acquired complex communication needs. Augment Altern Commun . 2008;24(3):255-267. doi:10.1080/07434610802388477. (RV)"
        },
        {
            "number in article": 13,
            "reference": "Duff MC, Proctor A, Haley K. Mild traumatic brain injury (MTBI): assessment and treatment procedures used by speech-language  pathologists (SLPs). Brain Inj. 2002;16(9):773-787.  (R)"
        },
        {
            "number in article": 14,
            "reference": "American Speech-Language-Hearing  Association. Preferred practice patterns for the profession of speech-language  pathology. American Speech-Language-Hearing Association Web site. http://www.asha.org/policy/PP2004-00191.htm . Published 2004. Accessed April 25, 2018. (GI)"
        },
        {
            "number in article": 15,
            "reference": "Folstein MF, Folstein SE, Fanjiang G. Mini-Mental  State Examination: Clinical Guide . Lutz, FL: Psychological Assessment Resources; 2001. (PP)"
        },
        {
            "number in article": 16,
            "reference": "Adamovich B, Henderson J. Scales of Cognitive Ability for Traumatic Brain Injury . Chicago, IL: Applied Symbolix; 1992. (PP)"
        },
        {
            "number in article": 17,
            "reference": "Blackstone SW, Hunt-Berg  M. Social Networks: A Communication Inventory for Individuals with Complex Communication Needs and Their Communication Partners . Monterey, CA: Augmentative Communication; 2003. (PP)"
        },
        {
            "number in article": 18,
            "reference": "Garrett KL, Beukelman DR. Aphasia Needs Assessment. Hattie B. Munroe Barkley Memorial Augmentative & Alternative Communication Centers Web site. http://cehs.unl.edu/ documents/secd/aac/assessment/aphasianeeds.pdf . Accessed April 25, 2018. (PP)"
        },
        {
            "number in article": 19,
            "reference": "Garrett KL, Lasker JP. Scanning/Visual Field/Print Size/Attention Screening Task. Hattie B. Munroe Barkley Memorial Augmentative & Alternative Communication Centers Web site. http://cehs.unl.edu/documents/secd/aac/assessment/wordscan.pdf . Accessed April 25, 2018. (PP)"
        },
        {
            "number in article": 20,
            "reference": "Garrett KL, Lasker JP. AAC-Aphasia  Categories of Communicators Checklist. Hattie B. Munroe Barkley Memorial Augmentative & Alternative Communication Centers Web site. http://cehs.unl.edu/documents/secd/aac/assessment/aphasiachecklist.pdf . Accessed April 25, 2018. (PP)"
        },
        {
            "number in article": 21,
            "reference": "Lasker JP, Garrett KL. Using the Multimodal Communication Screening Test for Persons with Aphasia (MCST-A)  to guide the selection of alternative communication strategies for people with aphasia. Aphasiology . 2006;20(2-4):217-232.  (R)"
        },
        {
            "number in article": 22,
            "reference": "Garrett KL, Lasker JP. The Multimodal Communication Screening Task for Persons with Aphasia - MCST-A. Hattie B. Munroe Barkley Memorial Augmentative & Alternative Communication Centers Web site. http://cehs.unl.edu/aac/aphasia-assessment-materials/ . Accessed April 25, 2018. (PP)"
        },
        {
            "number in article": 23,
            "reference": "Hux K, Burke R, Elliot J, Ross M, Hrnicek T. Communication interaction differences between natural speakers and AAC users with traumatic brain injury. J Med Speech Lang Pathol. 2001;9(1):71-86.  (R)"
        },
        {
            "number in article": 24,
            "reference": "Frattali CM, Holland AL, Thompson CK, Wohl C, Ferketic M. Functional Assessment of Communication Skills for Adults (ASHA FACS) . Baltimore, MD: American Speech-Language-Hearing  Association; 2003. (PP)"
        },
        {
            "number in article": 25,
            "reference": "Kleiman LI. Functional Communication Profile-Revised . East Moline, IL: LinguiSystems; 2003. (PP)"
        },
        {
            "number in article": 26,
            "reference": "Ross-Swain  D. Ross Information Processing Assessment . 2nd ed. Austin, TX: Pro-Ed; 1996. (PP)"
        },
        {
            "number in article": 27,
            "reference": "Helm-Estabrooks  N, Hotz G. Brief Test of Head Injury . Chicago, IL: The Riverside Publishing Company; 1991. (PP)"
        },
        {
            "number in article": 28,
            "reference": "Goodglass H, Kaplan E, Barresi B, Wientraub S. Boston Diagnostic Aphasia Examination Set . 3rd ed. Austin, TX: Pro-Ed; 2001. (PP)"
        },
        {
            "number in article": 29,
            "reference": "Kertesz A. Western Aphasia Battery-Revised . San Antonio: Pearson; 2007. (PP)"
        },
        {
            "number in article": 30,
            "reference": "Fager S. Traumatic brain injury. In: Beukelman DR, Mirenda P, eds. Augmentative Communication: Supporting Children and Adults with Complex Communication Needs . 4th ed. Baltimore, MD: Paul H. Brookes Publishing Co; 2007:461-474.  (RV)"
        },
        {
            "number in article": 31,
            "reference": "Keenan JE, Barnhart KS. Development of yes/no systems in individuals with severe traumatic brain injuries. Augment Altern Commun . 1993;9(3):184-190.  (R)"
        },
        {
            "number in article": 32,
            "reference": "Rao PR. Drawing and gesture as communication options in a person with severe aphasia. Top Stroke Rehabil . 1995;2(1):49-56.  (C)"
        },
        {
            "number in article": 33,
            "reference": "Beukelman DR, Fager S, Ball L, Dietz A. AAC for adults with acquired neurological conditions: a review. Augment Altern Commun . 2007;23(3):230-242.  (RV)"
        },
        {
            "number in article": 34,
            "reference": "Weissling K, Beukelman DR. Visual Scene Resources. Munroe Barkley Memorial Augmentative & Alternative Communication Centers Web site. http://cehs.unl.edu/aac/visual-scene-resources/ . Accessed April 25, 2018. (PP)"
        },
        {
            "number in article": 35,
            "reference": "Jacobson JW, Mulick JA, Schwartz AA. A history of facilitated communication: science, pseudoscience, and antiscience science working group on facilitated communication. Am Psychol . 1995;50(9):750-765.  (RV)"
        },
        {
            "number in article": 36,
            "reference": "Paul DR, Frattali CM, Holland AL, Thompson CK, Caperton CJ, Slater SC. ASHA Quality of Communication Life Scale (QCL) . Rockville, MD: American Speech-Language-Hearing  Association; 2003. (PP)"
        },
        {
            "number in article": 37,
            "reference": "Beukelman DR, Ball LJ. Improving AAC use for persons with acquired neurogenic disorders: understanding human and engineering factors. Assist Technol . 2002;14(1):33-44. (RV)"
        },
        {
            "number in article": 38,
            "reference": "Pogoda TK, Hendricks AM, Iverson KM, et al. Multisensory impairment reported by veterans with and without mild traumatic brain injury history. J Rehabil Res Dev . 2012;49(7):971-984.  (R)"
        },
        {
            "number in article": 39,
            "reference": "Franke LM, Walker WC, Cifu DX, Ochs AL, Lew HL. Sensorintegrative dysfunction underlying vestibular disorders after traumatic brain injury: a review. J Rehabil Res Dev . 2012;49(7):985-994.  (R)"
        },
        {
            "number in article": 40,
            "reference": "Szymanowicz D, Ciuffreda KJ, Thiagarajan P, Ludlam DP, Green W, Kapoor N. Vergence in mild traumatic brain injury: a pilot study. J Rehabil Res Dev . 2012;49(7):1083-1100.  (R)"
        },
        {
            "number in article": 41,
            "reference": "Wallace T, Bradshaw A. Technologies and strategies for people with communication problems following brain injury or stroke. NeuroRehabilitation . 2011;28(3):199-209. doi:10.3233/NRE-2011-0649.  (RV)"
        },
        {
            "number in article": 42,
            "reference": "Oz\u00e7ali#kan S, Levine SC, Goldin-Meadow  S. Gesturing with an injured brain: how gesture helps children with early brain injury learn linguistic constructions. J Child Lang . 2013;40(1):69-105.  doi:10.1017/S0305000912000220. (R)"
        },
        {
            "number in article": 43,
            "reference": "Pastore V, Colombo K, Villa F, et al. Psychological and adjustment problems due to acquired brain lesions in pre-school-aged  patients. Brain Inj. 2013;27(6):677-684. doi:10.3109/02699052.2013.775482. (R)"
        },
        {
            "number in article": 44,
            "reference": "Sim P, Power E, Togher L. Describing conversations between individuals with traumatic brain injury (TBI) and communication partners following communication partner training: using exchange structure analysis. Brain Inj. 2013;27(6):717-742.  doi:10.3109/02699052.2013.775485. (R)"
        },
        {
            "number in article": 45,
            "reference": "Harvey J, Hux K, Scott N, Snell J. Text-to-speech  technology effects on reading rate and comprehension by adults with traumatic brain injury. Brain Inj. 2013;27(12):1388-1394. doi:10.3109/02699052.2013.823649. (R)"
        },
        {
            "number in article": 46,
            "reference": "Togher L, McDonald S, Tate R, Power E, Rietdijk R. Training communication partners of people with severe traumatic brain injury improves everyday conversations: a multicenter single blind clinical trial. J Rehabil Med . 2013;45(7):637-645.  doi:10.2340/16501977-1173.  (R)"
        },
        {
            "number in article": 47,
            "reference": "Hanson EK. AAC & Dysarthria. Perspectives on Neurophysiology & Neurogenic Speech & Language Disorders . 2013;23(3):120-127.  doi:10.1044/nnsld23.3.120. (RV)"
        },
        {
            "number in article": 48,
            "reference": "Hanson EK, Yorkston KM, Beukelman DR. Speech supplementation techniques for dysarthria: a systematic review. J Med Speech Lang Pathol . June 2004;12(2):ix-xxix.  (SR)"
        },
        {
            "number in article": 49,
            "reference": "Straits-Troster  K, Gierisch JM, Strauss JL, et al. Multifamily group treatment for veterans with traumatic brain injury: what is the value to participants?. Psychiatr Serv . June 2013;64(6):541-6.  doi:10.1176/appi.ps.001632012. (R)"
        },
        {
            "number in article": 50,
            "reference": "Murphy A, Huang H, Montgomery EB, Jr, Turkstra LS. Conversational turn-taking  in adults with acquired brain injury. Aphasiology . 2015;29(2):151-168. doi:10.1080/02687038.2014.959411. (R)"
        },
        {
            "number in article": 51,
            "reference": "Norman RS, Jaramillo CA, Amuan M, Wells MA, Eapen BC, Pugh MJ. Traumatic brain injury in veterans of the wars in Iraq and Afghanistan: communication disorders stratified by severity of brain injury. Brain Inj. 2013;27(13-14):1623-30.  doi:10.3109/02699052.2013.834380. (R)"
        },
        {
            "number in article": 52,
            "reference": "Brunner M, Hemsley B, Togher L, Palmer S. Technology and its role in rehabilitation for people with cognitive-communication  disability following a traumatic brain injury (TBI). Brain Inj. 2017;31(8):1028-1043.  doi:10.1080/02699052.2017.1292429. (RV)"
        }
    ]
}