{
    "metadata": {
        "title": "Arthritis, Juvenile Idiopathic  Occupational Therapy",
        "synonyms": [
            "juvenile chronic arthritis",
            "juvenile rheumatoid arthritis",
            "systemic onset juvenile rheumatoid arthritis",
            "still\u2019s disease",
            "juvenile idiopathic arthritis",
            "juvenile idiopathic arthritis: occupational therapy",
            "juvenile chronic arthritis: occupational therapy",
            "jia: occupational therapy",
            "jca: occupational therapy",
            "jra: occupational therapy",
            "juvenile rheumatoid arthritis: occupational therapy",
            "idiopathic arthritis, juvenile: occupational therapy",
            "arthritis, juvenile idiopathic: occupational therapy",
            "arthritis, juvenile rheumatoid: occupational therapy",
            "juvenile-onset  still's disease: occupational therapy",
            " still's disease, juvenile onset: occupational therapy",
            "polyarthritis, juvenile chronic: occupational therapy",
            "juvenile chronic polyarthritis: occupational therapy",
            "occupational therapy: juvenile idiopathic arthritis"
        ],
        "anatomical location body part affected": [
            "Musculoskeletal (joints), immunologic/ hematologic/lymphatic systems"
        ],
        "area of specialty": [
            "pediatric rehabilitation",
            "orthopedic rehabilitation",
            "hand therapy"
        ],
        "description": [
            "Juvenile idiopathic arthritis (JIA) is the most common chronic rheumatic illness in children and causes significant disability(1,2)",
            "JIA is recognized as a heterogeneous group of diseases with the common factor being onset of arthritis beginning before 16 years of age(2,27)",
            "Signs of JIA: Joint swelling, limited ROM, pain or tenderness, warmth, redness(1,2) \u2013Diagnosis is made after symptoms are present for \u22656 weeks(1)",
            "According to the International League of Associations for Rheumatology, there are 7 subtypes of JIA:(1) \u2013Systemic (Still disease):Ten percent of JIA cases,(1) \u2265 1 joint involvement, onset is typically with or preceded by fever lasting at least 2 weeks that is documented to be daily for at least 3 days and accompanied by 1 or more of the following: evanescent erythematous rash, generalized lymphadenopathy, hepatomegaly or splenomegaly, serositis;(1,2,29) often affects knees, wrists, and ankles and also affects fingers, neck, and hips;(2) the majority of patients test negative for rheumatoid factor (RF) and antinuclear antibodies (ANAs)(29) \u2013Polyarticular RF Positive: Five to 10% of cases,(1) large and small joint involvement (\u2265 5 joints),often symmetrical joint involvement, RF+ on at least 2 tests at least 3 months apart(1,2) \u2013Polyarticular RF Negative:Ten to 30% of cases,(1) large and small joint involvement (\u2265 5 joints), also affects cervical spine and temporomandibular joint (TMJ), symmetric or asymmetric involvement, RF test negative(2) \u2013Oligoarticular: Thirty to 60% of cases, the most common form of JIA,(1) involvement of 1\u20134 joints, usually affects large joints of the lower extremities (knees, ankles) with upper extremity involvement less common;(2) increased risk of chronic uveitis in young girls and axial skeletal involvement in older boys,(1) two subcategories:  -Persistent oligoarthritis: \u2264 4 joints affected throughout the disease course(2) -Extended oligoarthritis: > 4 joints affected after first 6 months of disease onset(2) \u2013Psoriatic arthritis: Five percent of cases, arthritis with psoriasis or with at least 2 of the following: dactylitis, nail changes, first-degree  relative with psoriasis,(1) affects small and medium-sized joints, asymmetric joint involvement(2) \u2013Enthesitis-related  arthritis: One to 7% of cases, oligo-polyarthritis  in large or small joints and enthesitis plus any 2 of the following: sacroiliac or lumbosacral pain, acute anterior uveitis, HLA-B27  (+) antigen, ankylosing spondylitis, inflammatory bowel disease, or family history of Reiter syndrome;(1) predominantly affects the lower limbs, with possible axial skeleton involvement(2) \u2013Undifferentiated arthritis: arthritis that does not fit in above categories or fits \u2265 2 categories(1,2)",
            "Incidence and prevalence vary among ethnic and geographic populations(25) \u2013Annual incidence in developed nations: 2 to 20 per 100,000 children < 16 years of age(1) \u2013Global annual incidence of 0.008 to 0.226 per 1,000 children(25) \u2013Prevalence in developed nations: 16 to 150 per 100,000 children < 16 years of age(1) \u2013Global prevalence is estimated to be 0.07 to 4.1 per 1,000 children(25)",
            "For more information on idiopathic juvenile arthritis, see Clinical Review\u2026Juvenile Idiopathic Arthritis ; CINAHL Topic ID Number: T708443"
        ],
        "indications": [],
        "ICD-9 codes": {},
        "ICD-10 codes": {
            "M08": {
                "base": "juvenile arthritis",
                "M08.0": "unspecified juvenile rheumatoid arthritis",
                "M08.1": "juvenile ankylosing spondylitis",
                "M08.2": "juvenile rheumatoid arthritis with systemic onset",
                "M08.3": "juvenile rheumatoid polyarthritis (seronegative)",
                "M08.4": "pauciarticular juvenile rheumatoid arthritis",
                "M08.8": "other juvenile arthritis",
                "M08.9": "juvenile arthritis, unspecified"
            }
        },
        "ICD-11": {},
        "G-codes": {},
        "CPT codes": {},
        "HCPCS codes": {},
        "reimbursement": [
            "No specific issues or information regarding reimbursement has been identified. In the United States, financial resources and services may be available through state-funded  programs and through the child\u2019s school district if the child qualifies for services through the Individuals with Disabilities Education Act (IDEA)",
            "Presentation/signs and symptoms \u2013Intraarticular joint swelling(2) \u2013Limited ROM and joint hypomobility(2) -TMJ arthritis occurs in up to 80% of children with JIA and in all subtypes(28) \u2013Tenderness or pain with joint mobility(2) \u2013Increased heat or erythema upon palpation of affected joints(2) \u2013Initial symptoms may include morning stiffness, limping after inactivity(2) \u2013Easy fatigability(2) \u2013Poor sleep quality(2) \u2013Leg-length  discrepancy due to arthritis in large lower extremity joints that affects linear growth(2) -Hip joint is affected in one third of children, with progressive joint destruction, pain, and deformity(27) -Chronic inflammation causes premature closure of the growth plate, causing shortened bones(2) -Children are often of small stature and lower weight(18) \u2013Systemic JIA(2) -Fever, daily for at least 2 weeks (often present in the evening) -Fever present with rash \u2013 salmon-colored  lesions, linear or circular, commonly over the trunk and proximal extremities -Hepatosplenomegaly -Lymphadenopathy  -Serositis (pericarditis) -Joint pain and swelling(25) \u2013Polyarticular arthritis(2) -Rheumatoid nodules on elbows, spine, and over the Achilles tendon; unusual, but indicate more severe disease course; almost exclusively occur in RF+ type -Micrognathia with chronic TMJ involvement -Eye conditions -Uveitis(1,2) -2.9% overall incidence of new cases based on a cohort of 1,104 Canadian children(19) -Reported in 10\u201320%  of patients with JIA(24) -Can lead to significant ocular damage and blindness(24) -Cataracts(24) -Related to the duration of uveitis, degree of inflammation control, and use of topical corticosteroids(24) Causes, Pathogenesis, & Risk Factors"
        ],
        "presentation signs and symptoms": [
            "\u2013Intraarticular joint swelling(2) \u2013Limited ROM and joint hypomobility(2) -TMJ arthritis occurs in up to 80% of children with JIA and in all subtypes(28) \u2013Tenderness or pain with joint mobility(2) \u2013Increased heat or erythema upon palpation of affected joints(2) \u2013Initial symptoms may include morning stiffness, limping after inactivity(2) \u2013Easy fatigability(2) \u2013Poor sleep quality(2) \u2013Leg-length  discrepancy due to arthritis in large lower extremity joints that affects linear growth(2) -Hip joint is affected in one third of children, with progressive joint destruction, pain, and deformity(27) -Chronic inflammation causes premature closure of the growth plate, causing shortened bones(2) -Children are often of small stature and lower weight(18) \u2013Systemic JIA(2) -Fever, daily for at least 2 weeks (often present in the evening) -Fever present with rash \u2013 salmon-colored  lesions, linear or circular, commonly over the trunk and proximal extremities -Hepatosplenomegaly -Lymphadenopathy  -Serositis (pericarditis) -Joint pain and swelling(25) \u2013Polyarticular arthritis(2) -Rheumatoid nodules on elbows, spine, and over the Achilles tendon; unusual, but indicate more severe disease course; almost exclusively occur in RF+ type -Micrognathia with chronic TMJ involvement -Eye conditions -Uveitis(1,2) -2.9% overall incidence of new cases based on a cohort of 1,104 Canadian children(19) -Reported in 10\u201320%  of patients with JIA(24) -Can lead to significant ocular damage and blindness(24) -Cataracts(24) -Related to the duration of uveitis, degree of inflammation control, and use of topical corticosteroids(24) Causes, Pathogenesis, & Risk Factors"
        ],
        "contraindications precautions to test": [
            "Caution should be exercised regarding the amount of resistance used for exercise programs, as excessive resistive exercises can cause increased inflammation of the joints",
            "Pain should be respected; pain management is an important factor in patient compliance with therapy programs",
            "Patients prescribed NSAIDs are at risk for renal disease, peptic ulcers, GI hemorrhage, leukopenia, and CNS reactions. NSAIDs may also interact with other prescription medications (e.g., diuretics and anticonvulsants). NSAIDs may increase serum levels of methotrexate(1)",
            "Patients prescribed disease-modifying  antirheumatic drugs (DMARDs) are at risk for bone marrow suppression, hepatitis, renal disease, renal toxicity, dermatitis, and mouth ulcers(1)",
            "Patients prescribed TNF inhibitors (TNFi) are at increased risk for infection(1)",
            "Chronic uveitis is a significant complication of JIA(2,19) ",
            "Osteoporosis and avascular necrosis are complications associated with JIA(1)"
        ],
        "psychometric properties": [],
        "potential complications adverse effects": [],
        "test preparation materials required": [],
        "test procedure": [],
        "test scoring interpretation": []
    },
    "causes & risk factors": {
        "causes": [
            "Etiology of JIA is not completely understood, though it is attributed to multiple factors including:(1,2)\u2013Autoimmune disease with environmental and genetic contributing factors(3)\u2013Immunodysregulation involving T lymphocytes(1,2)\u2013Genetic predisposition;(1) multiple genes may affect susceptibility(2)-Human leukocyte antigen (HLA) class I and II alleles(1)-HLA-A2  associated with early-onset oligoarthritis in girls(1)-HLA-DRB1*11  associated with systemic and oligoarthritis(1)-HLA-B27  associated with enthesitis-related JIA(1)-HLA-DR4  associated with polyarticular RF+(1)-Polymorphisms in genes producing protein tyrosine phosphatase nonreceptor 22 (PTPN22), tumor necrosis factor-alpha(TNF-\u03b1),  macrophage inhibitory factor, interleukin (IL)-6,  and IL-1\u03b1(2)-IL-1(36)  and IL-6 are associated with systemic JIA(2,29)\u2013Environmental or nongenetic triggers(1,2)-Bacterial and viral infections(2)-Heightened immune responses to heat shock proteins(2)-Rubella or parvovirus B19(1)-Infections in combination with genetic susceptibility(3)-Abnormal reproductive hormone levels(2)-Joint trauma(2)"
        ],
        "stress and maternal smoking are thought to contribute to the pathogenesis of juvenile rheumatoid arthritis": [],
        "immunoglobulin or complement deficiency": [],
        "pathogenesis": [
            "Immunologic abnormalities result in inflammatory synovitis(2)",
            "Primary disease feature of JIA is synovial inflammation(36)\u2013Hypertrophy and hyperplasia of synovial tissue with hyperemia and edema(2)\u2013Mononuclear and plasma cells (predominantly T lymphocytes) infiltrate the synovium(2)\u2013Tissue secretes cytokines \u2013 inflammatory response(4)\u2013Tissue secretes proteolytic enzymes \u2013 injury to joint structures(4)\u2013Pannus formation and progressive erosion of articular cartilage and adjacent bone in advanced and uncontrolled disease(2)",
            "A study that used contrast-enhanced  MRI of the knee to compare children unaffected and affected by JIA indicated thatmild synovial thickening could occur in children unaffected by the disease; however, synovial thickening of infrapatellarand/or cruciate ligaments is characteristic of JIA(36)",
            "The inflammatory process underlying systemic JIA differs from other subtypes, particularly due to its lack of a strongmajor histocompatibility complex (MHC) association, presence of cytokine dysregulation, and various innate immunesystem abnormalities(33)"
        ],
        "risk factors": [
            "Genetics\u2013Evidence of heritability of JIA; a sibling of a patient with JIA is 15 to 30 times more likely to develop JIA(33)",
            "RF positivity associated with polyarticular arthritis and overall poor prognosis(1)",
            "ANA positivity associated with oligoarticular arthritis and may increase risk of uveitis(1)",
            "Sex\u2013Varies depending on the subtype of JIA; overall, females more likely to be affected than males (ratio of 3:1)(1,4)",
            "Age\u2013Typically, onset occurs in preschool-aged  children but varies with subtype(4)-Systemic: onset throughout childhood, with peak onset at 1\u20135 years of age(2)-Polyarticular RF Positive: onset during late childhood or adolescence(1)-Polyarticular RF Negative: early peak onset at 2\u20134years of age and late peak at 6\u201312  years of age(1)-Oligoarticular: peak onset at 2\u20134 years of age(1)-Psoriatic: early peak onset at 2\u20133 years of age and late peak at 10\u201312  years of age(1)-Enthesitis-related:  early peak onset at 2\u20134 years of age and late peak at 6\u201312  years of age(1)",
            "Race\u2013Forty percent of children in whom oligoarticular JIA is newly diagnosed are White(25)\u2013Children of African, East Indian, or Native American descent are more likely to have polyarticular JIA(4)"
        ]
    },
    "indications for procedure": [],
    "overall contraindications precautions": [
        "Only those contraindications/precautions applicable to this diagnosis are mentioned below, including with regard to modalities. Rehabilitation professionals should always use their professional judgment",
        "Patients with this diagnosis are at risk for falls; follow facility protocols for fall prevention and post fall-prevention instructions at bedside, if inpatient. Ensure that patient and family/caregivers are aware of the potential for falls and educated about fall-prevention strategies. Discharge criteria should include independence with fall-prevention strategies",
        "See specific  Contraindications/precautions to examination   and  Contraindications/precautions   under Assessment/"
    ],
    "contraindications precautions to procedure": {},
    "guidelines for use of procedure": {},
    "examination": {
        "contraindications precautions to examination": [
            "Caution should be exercised regarding the amount of resistance used for exercise programs, as excessive resistive exercises can cause increased inflammation of the joints",
            "Pain should be respected; pain management is an important factor in patient compliance with therapy programs",
            "Patients prescribed NSAIDs are at risk for renal disease, peptic ulcers, GI hemorrhage, leukopenia, and CNS reactions. NSAIDs may also interact with other prescription medications (e.g., diuretics and anticonvulsants). NSAIDs may increase serum levels of methotrexate(1)",
            "Patients prescribed disease-modifying  antirheumatic drugs (DMARDs) are at risk for bone marrow suppression, hepatitis, renal disease, renal toxicity, dermatitis, and mouth ulcers(1)",
            "Patients prescribed TNF inhibitors (TNFi) are at increased risk for infection(1)",
            "Chronic uveitis is a significant complication of JIA(2,19) ",
            "Osteoporosis and avascular necrosis are complications associated with JIA(1)"
        ],
        "history": {
            "history of present illness": {
                "mechanism of injury or etiology of illness": "Document when symptoms started and how symptoms have progressed since onset. Document what joints are involved",
                "course of treatment": {
                    "medical management": " Medical management Medical management and treatment regimens vary according to the subtype of JIA(25) Treatment goals include disease remission, preventing or stopping progression of joint damage, and promoting normal development(2) Most common surgical interventions Total hip or knee replacement due to severe joint disease.(1) The longevity of a total hip arthroplasty (THA) is reduced in children with JIA, and revision surgeries are quite challenging due to patients\u2019 small proportions and compromised bone density. Intraoperative and early complication rates are relatively high(27) Soft tissue release(1) Limb length/angular deformity corrections(1) Epiphysiodesis (growth plate fusion)(5) Arthrodesis (joint fusion)(5) Synovectomy (rare)(1) Autologous stem cell transplantation(6)  for children with severe resistant JIA; however, risk of treatment-related morbidity and mortality is very high Surgical removal of cataracts with intraocular lens implantation (simultaneously with cataract removal or postponed implantation)(24) Italian researchers reported significantly lower incidence of secondary glaucoma in children who received intraocular transplantation 1116 months following cataract removal compared to those children who received transplantation immediately(24)",
                    "surgical management": [],
                    "medications": "Determine what medications clinician has prescribed; are they being taken? Firstline treatment includes NSAIDs and corticosteroids.(1) Second-line  treatment includes DMARDs and analgesics for pain control(1) NSAIDs symptoms  often improve within days, with full efficacy noted in 23 months(1) Ibuprofen Naproxen Both naproxen and celecoxib were shown to not increase blood pressure in a double blind RCT assessing safety in patients 217  years of age with JIA(35) Tolmetin sodium Diclofenac Indomethacin Steroids Intraarticular corticosteroid injections commonly used for oligoarticular arthritis; triamcinolone hexacetonide provides prolonged response(2) Systemic steroids are used for the management of severe systemic illness, while awaiting response to a DMARD, or for uveitis, but should generally be avoided as they carry risks of severe toxicities, growth retardation, and osteopenia(2) DMARDs  required in 3040%  of cases(1)  Non-biologic  DMARDs Methotrexate (MTX)(1,2) Half of children taking MTX experience MTX intolerance. Symptoms include GI and behavioral symptoms. Educationregarding early identification and prevention of MTX intolerance is important, as children can struggle to manage taking this medication(43) Sulfasalazine(1,2) Leflunomide(2) Biologic DMARDs(2) TNF-\u03b1  inhibitors(2) Etanercept Infliximab Adalimumab IL-1 blocking agents(2) Anakinra Rilonacept Canakinumab IL-6 blocking agent(1,2) Tocilizumab Researchers published a 2014 study demonstrating the efficacy and safety of tocilizumab over 104 weeks of treatment in patients with polyarticular JIA(20) Another 2014 study investigated the efficacy of tocilizumab on radiologic joint damage when prescribed to patients with polyarticular JIA for whom MTX was ineffective(21) Results showed the effectiveness of tocilizumab on halting the progression of radiologic joint damage, with most participants free of disease progression after 2 years of treatment Abatacept(2) Rituximab(2) In 2019, the American College of Rheumatology (ACR) published an update of its 2013 recommendations for the medical therapy of children with systemic JIA. One key change is that initial treatment with DMARDs is recommended over NSAID monotherapy for polyarthritis. Specific recommendations for DMARDS are not included, with the exception for TNFi for sacroiliitis; rituximab is considered only after TNFi, abatacept, and tocilizumab have been tried. Recommendations for the use ofbiologics versus nonbiologics  are included. Janus kinase inhibitors and interleukin17  and interleukin-12/23  inhibitors are listed as drugs with promising effects in current studies. Lastly, new recommendations include escalation of therapy for children with low disease activity to achieve complete disease control(42) A 2016 study compared the long-term  safety and efficacy of etanercept and adalimumab with that of MTX in patients with JIA(37) Data from a German register of patients with polyarticular, systemic, enthesitis-related,  and psoriatic JIA and data from its followup  register was analyzed to determine rates of adverse events associated with each treatment option Results indicated that patients treated with etanercept and adalimumab experienced significantly more serious adverse events and infections than those treated with MTX alone; treatment with etanercept and adalimumab did not lead to a significantly increased risk of developing a malignant disease compared with MTX; treatment with etanercept alone was linked with an increased incidence of irritable bowel disease and uveitis compared with treatment with etanercept in combination with MTX or MTX alone Overall, study data confirmed sufficient long-term  tolerability of etanercept and adalimumab for JIA; the increased adverse events experienced while taking these medications may be due to a more serious disease course than that in patients treated with MTX alone Another 2016 study analyzed blood serum levels of TNF-\u03b1  in 41 children with nonsystemic JIA to determine its relationship with longterm  efficacy of etanercept(38) Serum levels of TNF-\u03b1,  both free and bound to etanercept, were measured just before starting treatment with etanercept and at 6week follow-up  At follow-up,  levels of TNF-\u03b1  were increased despite etanercept being an anti-TNF-\u03b1  drug; the increased levels consisted almost entirely of TNF\u03b1  bound to etanercept; the children who demonstrated the most significant response to etanercept therapy were also those who had increased levels of TNF\u03b1  at follow-up;  84% of the children with the largest increase in TNF\u03b1  serum levels continued to receive the drug 5 years after initiating treatment Results indicated that increased levels of TNF-\u03b1/etanercept  complexes in blood serum after beginning treatment with etanercept can be used to predict the longterm  efficacy of the drug Treatment with DMARDs has been shown to reduce the risk of uveitis onset in JIA(39) Data from the National Paediatric Rheumatological Database in Germany that was entered over an 11-year  time span was analyzed to determine the impact of treatment with MTX and/or TNF inhibitors on the onset of uveitis in JIA patients(39) Results indicated that the risk for uveitis significantly decreased when patients were treated with MTX, TNF inhibitors, or a combination of MTX and a TNF inhibitor in the year before uveitis onset Treatment with MTX within the first year following diagnosis and combination therapy with MTX and a TNF inhibitor had the highest effect in reducing the risk of uveitis onset",
                    "diagnostic tests completed": [
                        "Diagnostic tests completed: Usual tests for this condition:",
                        "Complete blood count (CBC)  elevated white blood cell count indicative of systemic arthritis; check for lymphopenia, reactive thrombocytosis, and anemia(1)",
                        "Joint fluid aspiration to rule out infection(1)",
                        "Synovial biopsy only if synovial fluid aspiration not possible or with suspected infection despite negative synovial fluid culture(1)",
                        "ECG for suspected pericarditis if orthopnea present(1)",
                        "Radionuclide scans if infection or malignancy suspected(1)",
                        "Slit-lamp  examinations for uveitis; should be continued on a yearly basis throughout adulthood, as signs and symptoms of uveitis develop later, when visual acuity is already compromised(4)",
                        "Elevated inflammatory markers (e.g., erythrocyte sedimentation rate [ESR], C-reactive protein [CRP]) indicative of disease activity(1)",
                        "Presence of autoimmune markers (e.g., RF, human leukocyte antigen B27, ANA+, anti-cyclic citrullinated peptide [anti CCP] antibodies)associated with poor prognosis(3)",
                        "Note: ANA tests are not useful for diagnosis, as many healthy children are commonly positive.The test cannot distinguish a healthy child from a child with JIA(4)",
                        "Note: RF tests are also not useful for diagnosis, as many children with JIA do not test positive for this(4)",
                        "Diagnostic imaging: MRI, ultrasonography (US), and CT scan assist with diagnosing and monitoring the condition(1)",
                        "MRI  assesses synovial hypertrophy, cartilage degeneration, and clinical responsiveness to treatment.(1) MRI with contrast is the gold standard for identifying TMJ arthritis in JIA(28)",
                        "A 2014 published systematic review reported that MRI is an accurate diagnostic tool for evaluating early and intermediate changes in the TMJ in patients with JIA. There is insufficient evidence to indicate whether MRI is an accurate diagnostic method for detecting JIA in the spinal and sacroiliac joints(23)",
                        "Contrast-enhanced  MRI of the knee with particular attention to synovial thickening at the infrapatellar and cruciate ligaments can be helpful to discriminate between children with JIA and unaffected children(36)",
                        "Radiographs  detect joint changes such as soft tissue swelling, periosteal reaction, juxta-articular  demineralization, loss of joint space, articular surface erosion, subchondral cyst formation, and sclerosis(1)",
                        "Gold standard for viewing structural joint damage in patients with chronic arthritis(24)",
                        "Sharp/van der Heijde score (SHS)  pediatric scoring system to detect radiographic joint damage (joint space narrowing) and erosion progression in the hands and wrist(26)",
                        "CT  used to assess skeletal anatomy and any abnormalities;(1,7) not first choice of diagnostic modality due to high radiation dose(7)",
                        "US  assesses cartilage, joint effusions, cortical erosions, synovial thickening, and cysts in the synovium(7) "
                    ],
                    "alternative therapies": "Document any use of home remedies (e.g., ice or heating pack) or alternative therapies (e.g., acupuncture) and whether they help. Document any use of supplements such as calcium, vitamin D, or folic acid(3)",
                    "previous therapy": "Document whether patient has had occupational or physical therapy for this or other conditions and what specific treatments were helpful or not helpfulDocument what makes symptoms better or worse and the length of time each item is"
                },
                "aggravating easing factors": " performed before symptoms come on or are easedUse body chart to document location and nature of symptomsDocument nature of symptoms (e.g., constant vs. intermittent, sharp, dull, aching, burning, numbness, tingling, stiffness).Depending on the age of the child, both parent(s)/caregiver and child should be questioned about symptomsUse a visual analog scale (V AS) or 010  scale to assess symptoms at their best, at their worst, and at the moment (specifically address if pain is present now and how much) -Pediatric pain evaluations(9) -Wong-Baker  FACES Pain Rating Scale -FLACC (Face, Legs, Activity, Cry and Consolability) Scale -Hester\u2019s Poker Chip Tool -010  Numeric Pain Intensity Scale -Brief Pain InventoryDocument changes in symptoms throughout the day and night, if any (A.M., mid-day,  P.M., night); also document changes in symptoms due to weather or other external variablesDocument number of wakings/night. Poor sleep quality is associated with JIA(2)Document other symptoms patient may be experiencing that could exacerbate the condition and/or symptoms that could be indicative of a need to refer to physician -Fever, fatigue, malaise, weight loss(1) -Macrophage activation syndrome (MAS)(2) -Systemic corticosteroid treatment increases the risk of osteopenia(2) -Uveitis,(2,19)cataracts,(1,2) glaucoma,(1,2,24)blindness(1,2) -Short stature, micrognathia (with TMJ involvement)(1)Document any use of supplemental oxygen -Barriers to learning -Are there any barriers to learning? Yes__ No__ -If Yes, describe _________________________",
                "body chart": "",
                "nature of symptoms": "",
                "rating of symptoms": "",
                "pattern of symptoms": "",
                "sleep disturbance": "",
                "other symptoms": "",
                "respiratory status": ""
            },
            "medical history": {
                "past medical history": {
                    "previous history of same similar diagnosis": " Previous history of same/similar diagnosis",
                    "comorbid diagnoses": "Ask the patient about other problems, including diabetes, cancer, heart disease, psychiatric disorders, orthopedic and disorders Children with JIA also experience psychosocial distress, depression, and social estrangement(10)",
                    "medications previously prescribed": "Obtain a comprehensive list of medications prescribed and/or being taken (including OTC drugs)",
                    "other symptoms": "Ask the patient about other symptoms he or she may be experiencing"
                }
            },
            "social and occupational history": {
                "patient\u0432\u0402\u2122s goals": "",
                "vocation avocation and associated repetitive behaviors, if any": "Document the patient\u2019s participation in play/leisure activities -Authors of asystematic review found decreased physical activity and increased time spent in sedentary behaviorin children with JIA compared to healthy peers. This can then lower physical fitness and increase symptoms in these patients(44) -Children with JIA may have difficulties in school and/or have specific educational needs(1) ",
                "functional limitations assistance with ADLs adaptive equipment": "Document how much assistance the patient requires with ADLs. Note any adaptive equipment used",
                "living environment": "Document any stairs, number of floors in home, with whom patient lives (caregivers, family members). Identify if there are barriers to independence in the home; any modifications necessary?"
            }
        },
        "relevant tests and measures": {
            "general": "(While tests and measures are listed in alphabetical order, sequencing should be \u203aRelevant tests and measures: (While tests and measures are listed in alphabetical order, sequencing should be appropriate to patient medical condition, functional status, and setting) -Anthropometric characteristics -Assess height, weight, and BMI. Compare to age and sex norms. Decreased height and weight for age is associated with JIA(27)",
            "anthropometric characteristics": "",
            "assistive and adaptive devices": "",
            "balance": "",
            "cardiorespiratory function and endurance": [],
            "circulation": "",
            "functional mobility": "",
            "gait locomotion": "",
            "muscle strength": "",
            "observation inspection palpation including skin assessment": [],
            "posture": "",
            "range of motion": "",
            "self-care activities of daily living": "",
            "reflex testing": "",
            "sensory testing": "",
            "special tests specific to diagnosis": "",
            "speech and language examination": "",
            "neurological examination": "",
            "oral structure and oral motor function": "",
            "perception": "",
            "arousal attention cognition": " -Arousal, attention, cognition (including memory, problem solving) -Assess attention, cognition \u2013 Modified Mini-Mental  State Examination (MMSE) -Assistive and adaptive devices -Assess the patient\u2019s need for and/or use of assistive and adaptive equipment for ADLs and functional mobility -Balance -Assess for static and dynamic balance with Pediatric Balance Scale (PBS), Bruininks-Oseretsky Test of Motor Proficiency, Second Edition (BOT-2) balance subscale, or Peabody Developmental Motor Scales, Second Edition (PDMS-2)  balance subscale -Cardiorespiratory function and endurance -Children with JIA may have decreased aerobic and anaerobic capacity(11) -Treadmill walking, graduated treadmill test, or isokinetic cycle ergometer are reliable measures for children with JIA(12) -Based on a Canadian study of 74 children, age range 8\u201316  years, with JIA -Exercise testing and completion of functional activity questionnaires in each testing session, for a total of 2 testing sessions; the second testing session occurred 2\u20136 weeks after the initial test -Treadmill testing, measuring maximal and submaximal oxygen uptake, had high reliability -Small improvements between test 1 and test 2 seen in walking efficiency and peak power -Ergonomics/body mechanics -Assess child\u2019s body mechanics during functional tasks such as carrying and lifting -Functional mobility  (including transfers, etc.) -Assess child\u2019s ability to transition in/out of positions such as sitting, standing, supine, kneeling -The WeeFIM can be used(13) -Gait/locomotion -Observe patient\u2019s ability to ambulate without limping or complaints of pain -May be best assessed and addressed by physical therapist (PT) -Joint integrity and mobility -Assess TMJ and bilateral upper extremity joint mobility and note number of joints affected and/or any abnormalities/ deformity. TMJ hypomobility is frequently asymptomatic but extremely common(28) -Use the Paris Mobility Scale to document degree of intervertebral hypo/hypermobility present and note any complaints of pain or discomfort -Muscle strength -Assess trunk and bilateral upper/lower extremity strength with manual muscle testing (MMT) unless joints are acutely inflamed -For younger children or children who have difficulty understanding and following directions, assess muscle strength while the child performs functional activities -Document any abnormality, asymmetry, or complaints of pain -Neuromotor developmentBayley Scales of Infant Development\u2013III  (BSID-III),(11) PDMS-2,  BOT-2,  or Tufts Assessment of Motor Performance(13) -Observation -Inspect skin for breakdown, rashes  -Palpation -Palpate for joint space narrowing, bone erosions, and other joint abnormalities.(24) Frequency and localization of joint damage and abnormalities vary greatly depending on the subtype of JIA -Rheumatoid nodules on the elbow and over Achilles tendon may be present in severe courses of polyarticular RF+ JIA(2) -Italian researchers evaluated the presence and progression of radiographic joint damage in the hand and wrist in 186 children with JIA. The wrist had greater progression of joint damage and overall joint erosion compared to the metacarpal phalangeal joints. The hamate and capitate were most frequently identified as having erosions. Patients with polyarticular JIA presented with a greater frequency of joint erosion and joint space narrowing compared to those with oligoarticular JIA(26) -Document any complaints of pain/discomfort upon joint palpation and soft tissue -Perception  (e.g., visual field, spatial relations) -Assess visual motor skills and visual field testing, as uveitis is a concern in children with JIA -Review results of testing performed by optometrists or ophthalmologists if possible -Posture -Observe the patient\u2019s sitting and standing posture and note any abnormalities -Range of motion -Assess (e.g., goniometric measurements) bilateral upper extremity active and passive ROM and note any complaints of pain/discomfort or asymmetry. Screen for lower extremity limitations in motion. Referral to PT may be appropriate if limitations are found -If cervical spine is involved, there may be limited neck extension(2) -Patients with JIA may also have decreased ROM at the hip(2) -Assess TMJ active and passive ROM -Self-care/activities  of daily living  (objective testing)WeeFIM, Klein-Bell Activities of Daily Living Scale, or Vineland Adaptive Behavior Scales(13) -Sensory testing -Assess bilateral upper extremity dermatomes for light touch, pinprick (dull/sharp), temperature -Special tests specific to diagnosis \u2013JIA assessments -Juvenile Arthritis Functional Status Index (JASI)(16) \u2013 self-report  of 100 statements on a 7-point  scale in dimensions of self-care, domestic, mobility, school, and extracurricular activities -Childhood Arthritis Health Profile (CAHP)(16) \u2013 parent-report  questionnaire on physical, emotional, social, and schoolwork limitations, pain, psychosocial behavioral issues, expectations for general health, general symptoms, and specific treatments -Juvenile Arthritis Functional Assessment Report (JAFAR)(13) \u2013 based on the Juvenile Arthritis Functional Assessment Scale (JAFAS); self-report  or parent report of self-care, mobility tasks -JAFAS(13) \u2013 standardized assessment of 10 tasks that use all joints, in domains of physical activities and ADLs -Juvenile Arthritis Quality of Life Questionnaire (JAQQ)(13) \u2013 questionnaire covering dimensions of gross motor, fine motor, psychosocial, systemic symptoms, and pain -Childhood Arthritis Impact Measurement Scale (CAIMS)(13) \u2013 adapted from the Arthritis Impact Measurement Scale (AIMS), using physical disability and pain dimensions -Pediatric QOL assessments -Pediatric Evaluation of Disability Inventory (PEDI)(11) -Revised Activity Scale for Kids (ASK)(12) -Habitual Activity Estimation Scale(12) -Children Activity Limitations Questionnaire(8) -Child Health Questionnaire (CHQ)(14) -Physical Summary Score (PhS)(14)  -Pediatric Rheumatology Quality of Life Scale (PRQL)(14) -Medical Outcomes Study 36-item  Short Form Health Survey (SF-36)(15) -General Health Questionnaire (GHQ-30)(15) -Childhood Health Assessment Questionnaire (C-HAQ  or CHAQ)(12) -Authors of a study compared agreement between the C-HAQ,  adolescent-specific  C-HAQ,  and the HAQ at the initial presentation to a pediatric rheumatologist and at a 1-year  follow-up  in adolescents with JIA. The scores are not interchangeable, but there is moderate to high agreement between the measures. If using these measures into adulthood, the differences should be taken into account(45)",
            "aac assessment": "",
            "swallow examination": "",
            "tracheostomy examination": ""
        }
    },
    "assessment plan of care": {
        "contraindications precautions": {
            "cryotherapy contraindications": [
                "Raynaud\u2019s syndrome",
                "Cryoglobulinemia",
                "Cold urticaria",
                "Cold intolerance",
                "Paroxysmal cold hemoglobinuria",
                "Avoid applying cold over areas of peripheral nerve regeneration, peripheral vascular disease, or compromised circulation"
            ],
            "cryotherapy precautions": [
                "Use caution with patients who are hypertensive, as cold can cause a transient increase in blood pressure; discontinue treatment if there is an elevation in blood pressure",
                "Use caution with patients who are hypersensitive to cold or who have thermoregulatory disorders",
                "Avoid aggressive treatment with cold modalities over an acute wound",
                "Use caution when applying cold over a superficial peripheral nerve or over areas of diminished sensation",
                "Use caution with very young or very old patients and with patients with impaired cognition",
                "Use of cryotherapy with patients who have an aversion to cold may be counterproductive if being used to promote muscle relaxation and decrease pain",
                "Avoid applying over areas of diminished thermal sensation, infection, acute inflammation, or where liniments or heat rubs have been applied",
                "Avoid applying over areas of vascular insufficiency or vascular disease, recent hemorrhage or potential hemorrhage, or areas of known malignancy",
                "Avoid use in any situation practitioner determines to be unreliable (e.g., impaired cognition, language difficulties)"
            ],
            "contraindications precautions": [],
            "superficial heat is contraindicated with": [],
            "electrotherapy contraindications precautions include": [],
            "other": [
                "Caution should be used regarding the amount of resistance prescribed for exercise programs, as excessive resistive exercises can cause increased inflammation of the joints",
                "Pain should be respected; pain management is an important factor in patient compliance with therapy programs",
                "Children with systemic JIA are at risk for developing MAS, a life-threatening  condition characterized by fever, organomegaly, cytopenia, hyperferritinemia, hypertriglyceridemia, hypofibrinogenemia, and coagulopathy. Stop treatment and notify the referring physician immediately(2,29)",
                "Children with JIA have a lower bone mineral density and more fractures than children without JIA(17)",
                "Cryotherapy  contraindications include:(34)",
                "Cryotherapy  precautions include:(34)",
                "Therapeutic heat contraindications include:(34)"
            ]
        },
        "diagnosis need for treatment": " Diagnosis/need for treatment Diagnosis is based upon symptoms and pattern (i.e., morning stiffness > 1hour, distribution of joint inflammation, laboratory and radiograph findings)(25) Children with JIA are optimally cared for using a multidisciplinary team approach. Pediatric and adolescent healthcare professionals should have extensive knowledge in the assessment and treatment of JIA Occupational therapy is warranted to facilitate the development of independence in completing functional, age-appropriate daily activities within the home and school communityminimize joint inflammation and prevent articular damage, pain management, maximize joint mobility and minimize joint deformity, maximize strength, facilitate fine motor skills and dexterity, improve bilateral coordination, and maximize age-appropriate  functional skills such as dressing and grooming  treatment -Twenty-eight  patients with JIA, mean age 15.5 years, compared to 110 healthy children who served as controls for the assessment of TMJ mobility -Significant reduction in orofacial pain frequency and intensity was reported, along with a significant increase in TMJ function -TMJ mobility was still significantly decreased compared to the control group after treatment intervention . Problem Goal Intervention Expected Progression Home Program  Pain, tenderness, and swelling at jointsDecrease pain to maximize functional abilitiesPhysical agents and mechanical modalities _ _ _ Therapeutic modalities _ Heat, cold, therapeutic massage _ _ Prescription, application of devices and equipment _ Splinting, adaptive equipment(51) _ _",
        "rule out": "Differential diagnosis includes Systemic lupus erythematosus (SLE) Dermatomyositis Mixed connective tissue disease Sarcoidosis Legg-Calve-Perthes  disease Toxic synovitis Growing pains Septic arthritis Osteomyelitis Viral infection Lyme disease Reactive arthritis (postinfectious arthritis, Reiter\u2019s syndrome, rheumatic fever) Inflammatory bowel disease (ulcerative colitis, Crohn\u2019s disease) Hemoglobinopathies Rickets Leukemia Bone tumors Neuroblastoma Vasculitis Henoch-Sch\u00f6nlein  purpura Kawasaki disease Farber disease Trauma \u2013 accidental or abuse Scleroderma(2) Autoimmune hepatitis(2)",
        "prognosis": [
            "There is no known cure for JIA,(25) but 50\u201360%  of children enter remission by adulthood, with varying functional ability(1) \u2013Remission is defined as no active arthritis, fever, rash, serositis, or generalized lymphadenopathy attributable to JIA, no active uveitis, normal ESR or CRP, no disease activity for 6 months(3) \u2013Children with RF+ are at an increased risk of JIA persisting into adulthood",
            "A poorer prognosis is associated with active disease at 6 months, polyarticular JIA, extended oligoarticular disease course, female sex, RF+ and ANA+ , persistent morning stiffness, rapid appearance of joint erosion, and hip joint involvement(1)",
            "Children with oligoarthritis who are ANA + and have onset of arthritis before 6 years of age are at risk for developing chronic uveitis(2)",
            "Children with polyarticular JIA often have more prolonged course of active joint inflammation(2) \u2013Predictors of severe and prolonged disease include young age at onset, RF seropositivity or rheumatoid nodules, presence of anti-CCP  antibodies, and many affected joints(2) \u2013Involvement of hip, hand, and wrist may indicate a poor prognosis and may lead to functional impairments(2)",
            "Early treatment including biological therapy has improved the prognosis of children with JIA. Authors of a study (N = 60) in which 42% of the patients were being treated with biologics found both cardiovascular fitness and body composition in children with oligoarticular and polyarticular JIA are comparable to those of healthy control subjects. However, they do have decreased muscle strength and bone health compared to control subjects(46)",
            "Authors of a study described disease activity and general health status for patients with JIA 30 years after disease onset(40) \u2013A group of patients who were initially referred to a Norwegian hospital in the 1980s were re-examined  at 15 and a median of 23 years after onset \u2013Disease activity was assessed by physician examination, number of active joints, patient report of well-being,  and the remission criteria for JIA. Self-report  measures were used to assess general health status  \u2013At 30-year  follow up, 59% of the total cohort of patients were in remission off medication, 7% were in remission on medication, and 34% had active disease. Although disease activity improved from years 15 to 30, patient-reported health status and disability did not improve(40)",
            "Children with JIA are less physically active and have lower fitness levels when compared to healthy peers(41) \u2013Based on a study that used accelerometry data for 61 patients with JIA and a control group of 2055 healthy children(41) \u2013JIA patients were assessed for disease activity, functional ability, physical capacity, and pain. Daily physical activity was measured with an accelerometer worn during waking hours for 1 week and a daily activity log. Physical activity data for the control group were taken from 2 prior studies \u2013Fifty-seven  percent of JIA patients had below-average  values for maximal physical capacity during initial assessment, though most patients showed relatively mild disease activity and pain and were physically well-functioning \u2013Accelerometer monitoring indicated lower levels of physical activity among the JIA patients when compared to the control group. JIA patients with hip or ankle involvement had the lowest levels of physical activity, causing them to have an even higher risk of an inactive lifestyle",
            "Children with systemic JIA have an increased rate of mortality compared to other children with other forms of JIA, mostly due to infection associated with chronic glucocorticoid treatment, MAS, and amyloidosis.(22) The mortality rate for children hospitalized with systemic JIA and MAS is estimated to be 6%(29)"
        ],
        "referral to other disciplines": " Referral to other disciplines Psychologist Pediatric ophthalmologist Nutritionist Social worker Educational resource specialist Pediatric radiologist Pediatric orthopedist Physical therapist Pediatric rheumatologist Pediatric rheumatology clinical nurse specialist",
        "other considerations": [
            "There may be orthopedic complications, including leg-length discrepancy and flexion contractures of the knees, hips, and wrists(2)",
            "Diet considerations include adequate calcium, iron, protein, and caloric intake(1)",
            "Children with JIA are twice as likely to have decreased bone mineral composition. Decreased bone mass may affect muscle strength(11)",
            "Children with chronic illness such as JIA are at risk for high rates of school absence, placing them at risk for difficulty with academic performance and peer relations(31) \u2013A United States 12-month  prospective study compared children treated with and without TNF-\u03b1  inhibitors. There was no difference in infection rates between groups; however, a higher number of involved joints and higher values on the C-HAQ  were associated with increased missed school days and number of physician sick visits regardless of TNF-\u03b1 treatment",
            "Authors of a study found that children with JIA are less likely to participate in club sports compared to healthy controls. Reported barriers to participation included both physical and psychosocial factors. Education on encouraging physical activity and the consequences of low physical activity is important in children with JIA(47)"
        ],
        "treatment summary": [
            "Advances in medications to manage the disease process in children with JIA have changed the focus of treatment for this population. An active lifestyle is encouraged and can be accomplished without increasing disease flares. Decreasing pain and improving aerobic capacity, muscle strength, ADLs, and overall QOL through exercise is recommended(48)",
            "Exercise \u2013Authors of a literature review found moderate-level  evidence thatexercise training 30\u201350  minutes, 2\u20133 times per week over the course of 12\u201324  weeks can decrease pain and improve ROM, knee strength, functional capability, and QOL in patients with JIA(48)  \u2013Authors of a systematic review evaluated the efficacy of exercise interventions in improving outcomes in children with JIA. Exercise interventions included aquatics, strengthening, proprioceptive activities, aerobic exercises, and Pilates exercises -Exercise therapy was well tolerated in patients with JIA -Exercise therapy may have a beneficial effect on CHAQ scores, pain, muscle strength, activity capacity, and QOL in patients with JIA -Due to wide variations in the studies, specific recommendations on the type, intensity, frequency, and duration of exercise could not be determined \u2013Authors of a study (N = 13) evaluated the impact of pedometer use on the physical activity and functional walking capacity of children with JIA. Patients were not given the pedometer until after week 6.Patients\u2019 6MWT significantly increased from baseline to 6 weeks and from baseline to the end of the study, indicating that they increased their physical activity and functional walking capacity. However, the effect of the addition of pedometers onfunctional walking capacity measured by the 6MWT could not be determined(49) \u2013Authors of a study (N = 62) compared the effects of task-oriented  activity training with real materials from daily life (group 1) to task-oriented  activity training via video-based  games (group 2)(50) -Exercises were performed 3 times per week for 8 weeks -Group 1: Task-oriented  activities included training with materials such as clothes, spoons, pencils, buttons, ropes, screw sets, and other coordination tools -Group 2: Task-oriented  activities were performed using video-based  games in which the patient mirrored movements on the screen and wasscored on angle, speed, and fluency -Both groups were effective treatments, but group 2 had statistically higher scores in upper limb strength, palmar pinch strength, activity performance, participation, and satisfaction compared to group 1",
            "Splinting/orthotic fabrication \u2013Splints used for contracture management(1) \u2013Most used for TMJ. Functional orthodontic appliances can be made that help to alter the mandibular position. Few studies have been done, but some have shown benefits. There are safe devices to use(51) \u2013TMJ stabilization splint is a safe and low-cost  treatment intervention to reduce orofacial pain and improve TMJ function as an alternative to oral medications(30) -Danish researchers evaluated changes in orofacial pain and TMJ function following 8 weeks of stabilization splint"
        ]
    },
    "desired outcomes outcome measures": {
        "desired outcomes": [
            "Decreased pain with functional activities\u2013V AS",
            "Increased joint mobility, strength\u2013Goniometric measurements\u2013MMT/dynamometer/pinchmeter",
            "Safe and independent performance of functional activities, using joint protection techniques and adaptive equipment asneeded\u2013WeeFIM(13)\u2013Klein Bell Activities of Daily Living(13)\u2013Vineland Adaptive Behavior Scales(13)\u2013JASI(16)\u2013CAHP(16)\u2013JAFAR(13)\u2013JAFAS(13)",
            "Improved QOL\u2013PEDI(11)\u2013C-HAQ(12)\u2013ASK(12)\u2013Habitual Activity Estimation Scale(12)\u2013Children Activity Limitations Questionnaire(8)\u2013JAQQ(13)\u2013CAIMS(13)\u2013CHQ(14)\u2013PhS(14)\u2013PRQL(14)\u2013SF-36(15)\u2013GHQ-30(15)"
        ]
    },
    "maintenance or prevention": [
        "Ongoing patient and family education with particular attention to psychosocial and educational needs. Behavioral strategies may be required for dealing with chronic pain and potential noncompliance. Education regarding available resources (e.g., support groups) is important(1) Children require ongoing information about treatments and lifestyle management, strong social support, community advocacy, and active involvement in their own health decision-making  to increase their confidence, ability to manage pain, and resourcefulness for self-management(32) \u2013In a 2012 published systematic review, Australian researchers studied the experiences of children living with JIA from 27 studies. Six major themes were identified: aversion to being different, striving for normality, stigma and misunderstanding, suspension in uncertainty, managing treatment, and desire for knowledge(32) \u2013Researchers concluded that JIA disrupts a child\u2019s sense of normality and impairs his or her capacity for social participation. Children with JIA have a sense of being misunderstood and stigmatized. They feel constantly caught between having hope and control over their bodies and overwhelming pain and despair(32)",
        "In young adulthood approximately 20% of patients experience disability not directly related to arthritis (e.g., difficulties with lifetime adjustment and employment). Counseling may be necessary to support psychosocial adaptation(2)",
        "Followup with multidisciplinary team on an ongoing, regular basis to optimally manage and treat the patient\u2019s signs and symptoms  Regular preventive eye exams are necessary due to the increased risk of developing eye disease (e.g., uveitis); recommended every 3\u20134months for oligoarticular JIA and for those ANA+, especially for 3 years after diagnosis(1) Proper screening with MRI contrast to identify the presence of TMJ arthritis as early as possible. If TMJ arthritis is left untreated, it can lead to micrognathia, poor mouth opening, facial dysmorphism, and chronic pain and disability. TMJ arthritis is diagnosed in advanced stages in many children since they are typically asymptomatic in the early stages(28)",
        "Ongoing therapeutic intervention at varying intervals of a child\u2019s disease progression to effectively manage joint protection, provide work/education simplification techniques to prevent pain and deformity of joints, improve strength and flexibility, and maximize independence in daily activities"
    ],
    "patient education": [
        "See information series at the KidsHealth website, http://www.kidshealth.org/parent/medical/arthritis/jra.html",
        "See information series and parent resources at the ACR website, http://www.rheumatology.org/Practice/Clinical/Patients/ Diseases_And_Conditions/Arthritis_in_Children/ Coding Matrix References are rated using the following codes, listed in order of strength: MPublished meta-analysis SRPublished systematic or integrative literature review RCTPublished research (randomized controlled trial) RPublished research (not randomized controlled trial) CCase histories, case studies GPublished guidelinesRVPublished review of the literature RUPublished research utilization report QIPublished quality improvement report LLegislation PGRPublished government report PFRPublished funded reportPPPolicies, procedures, protocols XPractice exemplars, stories, opinions GIGeneral or background information/texts/reports UUnpublished research, reviews, poster presentations or other such materials CPConference proceedings, abstracts, presentation"
    ],
    "references": [
        {
            "number in article": 1,
            "reference": "McMahon DM, Vazzana KM. Arthritis, juvenile idiopathic. Domino FJ, ed. The 5-Minute Clinical Consult Standard 2017 . 29th ed. Philadelphia, PA: Wolters Kluwer; 2021. (GI)"
        },
        {
            "number in article": 2,
            "reference": "Wu EY, Bryan AR, Rabinovich CE. Juvenile idiopathic arthritis. In: Kleigman RM, Stanton BF, Schor NF, Geme JW III, Behrman RE, eds. Nelson Textbook of Pediatrics . 20th ed. Philadelphia, PA: Elsevier Saunders; 2016:1160-1170.  (GI)"
        },
        {
            "number in article": 3,
            "reference": "Prince FHM, Otten MH, van Suijlekom-Smit  LWA. Diagnosis and management of juvenile idiopathic arthritis. BMJ Br Med J Overseas & Retired Doctors Ed . 2011;342:95-102. (GI)"
        },
        {
            "number in article": 4,
            "reference": "Jarvis JN. Juvenile idiopathic arthritis. In: Bope ET, Kellerman R, eds. Conn's Current Therapy 2016 . Philadelphia, PA: Elsevier Saunders; 2016:623-627.  (GI)"
        },
        {
            "number in article": 5,
            "reference": "Hoffart C, Sherry DD. More aggressive treatment for juvenile idiopathic arthritis: evidence of ongoing disease into adulthood has led to a shift in the paradigm. J Musculoskelet Med. 2010;27(3):106-108.  (RV)"
        },
        {
            "number in article": 6,
            "reference": "Gokce I, Demirkaya E. New treatment strategies in the treatment of juvenile idiopathic arthritis. Turkish J Rheumatol . 2011;26(1):71-85.  (RV)"
        },
        {
            "number in article": 7,
            "reference": "McKay GM, Cox LA, Long BW. Imaging juvenile idiopathic arthritis: assessing the modalities. Radiol Technol . 2010;81(4):318-327.  (RV)"
        },
        {
            "number in article": 8,
            "reference": "Connelly M, Anthony KK, Sarniak R, Bromberg MH, Gil KM, Schanberg LE. Parent pain responses as predictors of daily activities and mood in children with juvenile idiopathic arthritis: the utility of electronic diaries. J Pain Symptom Manage . 2010;39(3):579-590.  (R)"
        },
        {
            "number in article": 9,
            "reference": "Cantu CO. Occupational therapy and pain management. Except Parent . 2003;33(5):61-64.  (X)"
        },
        {
            "number in article": 10,
            "reference": "Kwon HJ, Kim YL, Lee SM. Relation between functional ability and health-related  quality of life of children with juvenile rheumatoid arthritis. J Phys Ther Sci . 2015;27(3):837-840.  doi:10.1589/jpts.27.837. (R)"
        },
        {
            "number in article": 11,
            "reference": "Long AR, Rouster-Stevens  KA. The role of exercise therapy in the management of juvenile idiopathic arthritis. Curr Opin Rheumatol . 2010;22(2):213-217.  (RV)"
        },
        {
            "number in article": 12,
            "reference": "Stephen S, Singh-Grewal  D, Bar-Or O. Reliability of exercise testing and functional activity questionnaires in children with juvenile arthritis. Arthritis Rheum Arthritis Care Res . 2007;57(8):1446-1452.  (R)"
        },
        {
            "number in article": 13,
            "reference": "Brown GT. A review of functional assessment measures for paediatric clients with juvenile rheumatoid arthritis. Occup Ther Int . 1996;3(4):284-299.  (RV)"
        },
        {
            "number in article": 14,
            "reference": "Ruperto N, Pistoria A, Ravelli A. Criteria to define response to therapy in paediatric rheumatic diseases. Eur J Clin Pharmacol . 2011;67(Suppl 1):125-131.  (SR)"
        },
        {
            "number in article": 15,
            "reference": "Ostile I, Johansson I, Aasland A, Flato B, Moller A. Self-rated  physical and psychosocial health in a cohort of young adults with juvenile idiopathic arthritis. Scand J Rheumatol . 2010;39(4):318-325.  (R)"
        },
        {
            "number in article": 16,
            "reference": "Miller ML, Kress AM, Berry CA. Decreased physical function in juvenile rheumatoid arthritis. Arthritis Care Res . 1999;12(5):309-313.  (R)"
        },
        {
            "number in article": 17,
            "reference": "Gannotti ME, Nahorniak M, Gorton GE, III. Can exercise influence low bone mineral density in children with juvenile rheumatoid arthritis? Pediatr Phys Ther . 2007;19(2):128-139.  (SR)"
        },
        {
            "number in article": 18,
            "reference": "Takken T, Van Brussel M, Engelbert RH, der Net JJ, Kuis W, Helders PP. Exercise therapy in juvenile idiopathic arthritis. Eur J Phys Rehabil Med . 2008;44(3):287-297.  (SR)"
        },
        {
            "number in article": 19,
            "reference": "Watanade Duffy KN, Lee J, Guzman J, et al. A13: the research in arthritis in Canadian children emphasizing outcomes (ReACCh Out) cohort: prospective determination of the incidence of new onset uveitis in juvenile idiopathic arthritis. Arthritis Rheumatol . 2014;66(S11):S21-S22.  doi:10.1002/art.38424. (R)"
        },
        {
            "number in article": 20,
            "reference": "Brunner H, Ruperto N, Zuber Z, et al. A4: efficacy and safety of tocilizumab in patients with polyarticular-course  juvenile idiopathic arthritis: 2 year data from CHERISH. Arthritis Rheumatol . 2014;66(S11):S5-S6.  doi:10.1002/art.38415. (R)"
        },
        {
            "number in article": 21,
            "reference": "Ravelli A, Ruperto N, Pederzoli S, et al. A11: assessment of radiographic progression in patients with polyarticular-course  juvenile idiopathic arthritis treated with tocilizumab: 2 year data from CHERISH. Arthritis Rheumatol . 2014;66(S11):S17-S18.  doi:10.1002/art.38422. (R)"
        },
        {
            "number in article": 22,
            "reference": "DeWitt EM, Kimura Y, Beukelman T, et al. Consensus treatment plans for new-onset  systemic juvenile idiopathic arthritis. Arthritis Care Res . 2012;64(7):1001-1010. doi:10.1002/acr.21625.   (G)"
        },
        {
            "number in article": 23,
            "reference": "Munir S, Patil K, Miler E, et al. Juvenile idiopathic arthritis of the axial joints: a systematic review of the diagnostic accuracy and predictive value of conventional MRI. Am J Roentgenol . 2014;202(1):199-210.  doi:10.2214/AJR.12.10475. (SR)"
        },
        {
            "number in article": 24,
            "reference": "Magli A, Forte R, Rombetto L, Alessio M. Cataract management in juvenile idiopathic arthritis: simultaneous versus secondary intraocular lens implantation. Ocul Immunol Inflamm. 2014;22(2):133-137.  doi:10.3109/09273948.2013.834062. (R)"
        },
        {
            "number in article": 25,
            "reference": "Viswanathakumar HM, Kumar GV. Study of clinical spectrum of juvenile idiopathic arthritis in children in a tertiary referral hospital. Curr Pediatr Res . 2014;18(1):21-25.  (R)"
        },
        {
            "number in article": 26,
            "reference": "Giancane G, Pederzoli S, Norambuena X, et al. Frequency of radiographic damage and progression in individual joints in children with juvenile idiopathic arthritis. Arthritis Care Res. 2014;66(1):27-33.  doi:10.1002/acr.22123. (R)"
        },
        {
            "number in article": 27,
            "reference": "Goodman SB, Hwang K, Imrie S. High complication rate in revision total hip arthroplasty in juvenile idiopathic arthritis. Clinical Orthop Relat Res . 2014;472(2):637-644. doi:10.1007/s11999-013-3326-7.  (R)"
        },
        {
            "number in article": 28,
            "reference": "Vaid YN, Dunnavant FD, Roayl SA, et al. Imaging of the temporomandibular joint in juvenile idiopathic arthritis. Arthritis Care Res . 2014;66(1):47-54.  doi:10.1002/acr.22177. (R)"
        },
        {
            "number in article": 29,
            "reference": "Ringold S, Weiss PF, Beukelman T, et al. 2013 update of the 2011 American College of Rheumatology recommendations for the treatment of juvenile idiopathic arthritis: Recommendations for the medical therapy of children with systemic juvenile idiopathic arthritis and tuberculosis screening among children receiving biologic medications. Arthritis Rheum . 2013;65(10):2499-2512.  doi:10.1002/art.38092.   (SR)"
        },
        {
            "number in article": 30,
            "reference": "Stoustrup P, Kristensen KD, K\u00fcseler A, et al. Management of temporomandibular joint arthritis-related  orofacial symptoms in juvenile idiopathic arthritis by the use of a stabilization. Scand J Rheumatol . 2014;43(2):137-145.  doi:10.3109/03009742.2013.830146. (R)"
        },
        {
            "number in article": 31,
            "reference": "Walters H, Pan N, Lehman TJA, et al. A17: Prospective study comparing infectious risks, disease activity, and cytokine alterations in children with juvenile idiopathic arthritis treated with tumor necrosis factor-alpha  inhibitors. Arthritis Rheumatol . 2014;66(S11):S27-S28.  doi:10.1002/art.38433. (R)"
        },
        {
            "number in article": 32,
            "reference": "Tong A, Jones J, Craig J, Singh-Grewal  D. Children\u2019s experiences of living with juvenile idiopathic arthritis: a thematic synthesis of qualitative studies. Arthritis Care Res . 2012;64(9):1392-1404.  doi:10.1002/acr.21695. (SR)"
        },
        {
            "number in article": 33,
            "reference": "Cobb JE, Hink A, Thomson W. The genetics of juvenile idiopathic arthritis: current understanding and future prospects. Rheumatology . 2014;53(4):592-599.  (R)"
        },
        {
            "number in article": 34,
            "reference": "Bellew JW, Michlovitz SL, Nolan TP Jr, eds. Michlovitz\u2019s Modalities for Therapeutic Intervention . 6th ed. Philadelphia, PA: FA Davis; 2016. (GI)"
        },
        {
            "number in article": 35,
            "reference": "Falkner B, Berger M, Bhadra Brown P, Iorga D, Nickeson RW, Zemel L. The effects of celecoxib or naproxen on blood pressure in pediatric patients with juvenile idiopathic arthritis. Clin Med Insights Pediatr . 2015;9:55-62.  doi:10.4137/CMPed.s20720. (RCT)"
        },
        {
            "number in article": 36,
            "reference": "Nusman CM, Hemke R, Benninga MA, et al. Contrast-enhanced  MRI of the knee in children unaffected by clinical arthritis compared to clinically active juvenile idiopathic arthritis patients. Eur Radiol . 2016;26(4):1141-1148.  doi:10.1007/s00330-015-3912-z.  (R)"
        },
        {
            "number in article": 37,
            "reference": "Klotsche J, Niewerth M, Haas JP, et al. Long-term  safety of etanercept and adalimumab compared to methotrexate in patients with juvenile idiopathic arthritis (JIA). Ann Rheum Dis. 2016;75(5):855-861.  doi:10.1136/annrheumdis-annrheumdis-2014-206747.  (R)"
        },
        {
            "number in article": 38,
            "reference": "Kahn R, Berthold E, Gullstrand B, et al. Circulating complexes between tumour necrosis factor-alpha  and etanercept predict long-term  efficacy of etanercept in juvenile idiopathic arthritis. Acta P\u00e6diatrica . 2016;105(4):427-432.  doi:10.1111/apa.13319. (R)"
        },
        {
            "number in article": 39,
            "reference": "Tappeiner C, Schenck S, Niewerth M, et al. Impact of anti-inflammatory  treatment on the onset of uveitis in juvenile idiopathic arthritis: longitudinal analysis from a nationwide pediatric rheumatology database. Arthritis Care Res . 2016;68(1):46-54.  doi:10.1002/acr.22649. (R)"
        },
        {
            "number in article": 40,
            "reference": "Selvaag AM, Aulie HA, Lilleby V, Flato B. Disease progression into adulthood and predictors of long-term  active disease in juvenile idiopathic arthritis. Ann Rheum Dis . 2016;75(1):190-195.  doi:10.1136/annrheumdis-2014-206034.  (R)"
        },
        {
            "number in article": 41,
            "reference": "N\u00f8rgaard M, Twilt M, Andersen LB, Herlin T, Norgaard M, Andersen LB. Accelerometry-based  monitoring of daily physical activity in children with juvenile idiopathic arthritis. Scand J Rheumatol . 2016;45(3):179-187.  doi:10.3109/03009742.2015. (R)"
        },
        {
            "number in article": 42,
            "reference": "Ringold S, Angeles-Han  ST, Beukelman T, et al. 2019 American College of Rheumatology/Arthritis Foundation Guideline for the Treatment of Juvenile Idiopathic Arthritis: Therapeutic Approaches for Non-Systemic  Polyarthritis, Sacroiliitis, and Enthesitis. Arthritis Care Res . 2019;71(6):717-734.  doi:10.1002/acr.23870. (G)"
        },
        {
            "number in article": 43,
            "reference": "Khan S, Mancini J, Hopper C, Rennick JE. Perceptions of methotrexate intolerance and its impact on daily life in school-age  children with juvenile idiopathic arthritis. J Pediatr Nurs. 2019;48:49-54.  doi:10.1016/j.pedn.2019.06.004. (R)"
        },
        {
            "number in article": 44,
            "reference": "Bourdier P, Saidi O, Rochette E, et al. Physical activity and sedentary levels in children with juvenile idiopathic arthritis and inflammatory bowel disease. A systematic review and meta-analysis.  Pediatr Res . 2019;86(2):149-156.  doi:10.1038/s41390-019-0409-5.  (M)"
        },
        {
            "number in article": 45,
            "reference": "Shoop-Worrall  SJW, Hyrich KL, Verstappen SNM, et al. Comparing proxy, adolescent, and adult assessments of functional ability in adolescents with juvenile idiopathic arthritis. Arthritis Care Res . 2020;72(4):517-524.  doi:10.1002/acr.23877. (R)"
        },
        {
            "number in article": 46,
            "reference": "Risum K, Edvardsen E, Godang K, et al. Physical fitness in patients with oligoarticular and polyarticular juvenile idiopathic arthritis diagnosed in the era of biologics: a controlled cross-sectional  study. Arthritis Care Res . 2019;71(12):1611-1620.  doi:10.1002/acr.23818. (R)"
        },
        {
            "number in article": 47,
            "reference": "N\u00f8rgaard M, Herlin T. Specific sports habits, leisure-time  physical activity, and school-educational  physical activity in children with juvenile idiopathic arthritis: patterns and barriers. Arthritis Care Res . 2019;71(2):271-280.  doi:10.1002/acr.23795. (R)"
        },
        {
            "number in article": 48,
            "reference": "Klepper S, Mano Khong TT, Klotz R, Gregorek AO, Chan YC, Sawade S. Effects of structured exercise training in children and adolescents with juvenile idiopathic arthritis. Pediatr Phys Ther . 2019;31(1):3-21.  doi:10.1097/PEP.0000000000000555. (RV)"
        },
        {
            "number in article": 49,
            "reference": "Blitz J, Stern SM, Marzan K. Do pedometers with or without education on exercise increase functional walking capacity and physical activity level in adolescents with juvenile idiopathic arthritis? Physiother Theory Pract . 2018;34(5):359-366.  doi:10.1080/09593985.2017.1401189. (R)"
        },
        {
            "number in article": 50,
            "reference": "Arman N, Tarakci E, Tarakci D, Kasapcopur O. Effects of video games-based  task-oriented  activity training (Xbox 360 Kinect) on activity performance and participation in patients with juvenile idiopathic arthritis: a randomized clinical trial. Am J Phys Med Rehabil . 2019;98(3):174-181.  doi:10.1097/PHM.0000000000001001. (R)"
        },
        {
            "number in article": 51,
            "reference": "Stoll ML, Kau CH, Waite PD, Cron RQ. Temporomandibular joint arthritis in juvenile idiopathic arthritis, now what? Pediatr Rheumatol Online J . April 25, 2018;16(1):32. doi:10.1186/s12969-018-0244-y.  (GI)"
        }
    ]
}