{
    "metadata": {
        "title": "Augmentative and Alternative Communication  Children with Autism Spectrum Disorder (ASD)Evaluation and therapeutic services for augmentative and alternative communication (AAC) for children with ASD",
        "synonyms": [
            "aac  children with autism spectrum disorder (asd)",
            "communication, augmentative and alternative: children with autism spectrum disorder (asd)",
            "children with autism spectrum disorder (asd): augmentative and alternative communication",
            " autism spectrum disorder (asd)",
            "children with: augmentative and alternative communication"
        ],
        "anatomical location body part affected": [],
        "area of specialty": [
            "autism spectrum disorder",
            "augmentative and alternative communication"
        ],
        "description": [
            "AAC is a system for communication that supplements or replaces verbal communication (speech) and includes four main components: symbols, aids, techniques, and strategies(1) \u2013Symbols can include objects, drawings, photographs, letters, or words(1) \u2013Aids can be relatively simple or complex devices (e.g., communication boards, electronic devices) for transmitting or receiving messages(1) \u2013Techniques refer to the ways in which the messages are selected for transmission (e.g., direct selection, scanning)(1) \u2013Strategies refer to the methods by which symbols can be conveyed most easily and efficiently(i.e., the most effective way for the individual to combine symbols, aids, and techniques to best communicate)(1)",
            "ASD is a developmental disorder characterized by impairments in development of language, communication, and reciprocal interaction and the presence of repetitive and ritualistic behaviors.(2) Onset occurs before the age of 3 years(3) \u2013Since the 2013 publication of the Diagnostic and Statistical Manual of Mental Disorders, Fifth Edition  (DSM-5 ), the diagnostic label of ASD encompasses several conditions that were previously considered separate disorders: autistic disorder, pervasive developmental disorder not otherwise specified (PDD-NOS),  early infantile autism, atypical autism, Kanner\u2019s autism, high-functioning  autism, childhood disintegrative disorder, and Asperger syndrome (AS).(56) According to the DSM-5 , physicians will now diagnose ASD for patients who exhibit signs and symptoms consistent with any of the aforementioned conditions(56) -Severity levels in ASD: the diagnosing clinician assigns a current severity level with respect to social communication impairments and restrictive, repetitive behaviors(56) -Level 3 \u2013 requiring very substantial support -Level 2 \u2013 requiring substantial support -Level 1 \u2013 requiring support \u2013For detailed information on assessment and treatment of children with ASD, see the series of Clinical Reviews on ASD ",
            "The following are some common communication symptoms associated with ASD(4) \u2013Significant language delays and deficits(5) -In a study conducted in the United States comparing 49 boys with ASD aged 4\u201311  years to 80 typically developing boys aged 2\u201311  years, researchers replicated the results of prior studies that found that receptive vocabulary was a weakness for the boys with ASD relative to their age and nonverbal cognition.(61) Researchers determined that the vocabulary of school-aged  boys with ASD is delayed in terms of onset as well as rate of development(61) \u2013Reduced responsiveness to others\u2019 communication (e.g., a child with ASD might fail to respond to his or her name)(5) \u2013Echolalia (immediate or delayed imitation of what is heard)(5) \u2013Incorrect use of pronouns (e.g., when referring to themselves, children with ASD may say \u201cyou\u201d instead of \u201cme\u201d)(5) \u2013Unusual word use (using made-up  words or attaching idiosyncratic meanings to words)(5) \u2013Difficulty with social use of language (pragmatics)(5) \u2013Difficulty telling narratives (e.g., do not refer appropriately to characters in the story, errors in syntax)(5) -In a research study conducted in the United States with 23 children with ASD (ages 6\u201314  years), researchers found that, compared to typically developing, age-matched  peers, children with ASD produced fewer third-person  subject pronouns, indicating pragmatic deficits in the domain of narrative production(51) \u2013The following are other symptoms associated with ASD(4,6) -Unusual behaviors and interests -Repetitive movements (rocking, twirling, hand flapping) -Self-abusive  behavior (e.g., biting, head-banging) -Preference for playing alone and failure to develop peer relationships -Difficulty taking others\u2019 perspective (appears unaware of others\u2019 feelings) -Difficulty with disturbances in routine -Fascination with parts of an object (e.g., spinning wheels of a car) -Unusual sensitivity to light, sound, and touch -Motor difficulties -Over-sensitivity  to sensory stimuli (e.g., loud noises)"
        ],
        "indications": [
            "The child has difficulty communicating (expressive and/or receptive language) using oral language(7) \u2013One third to one half of children with ASD do not have functional spoken communication(8)"
        ],
        "ICD-9 codes": {},
        "ICD-10 codes": {},
        "ICD-11": {},
        "G-codes": {},
        "CPT codes": {
            "92605": "evaluation for prescription of a non-speech generating augmentative and alternative communication device",
            "92606": "therapeutic services for the use of a non-speech generating augmentative and alternative communication device, including programming and modification",
            "92607": "evaluation for prescription for speech-generating and alternative communication device; face-to-face with the patient",
            "92609": "therapeutic services for the use of a speech-generating device, including programming and modification"
        },
        "HCPCS codes": {
            "E1902": "communication board, nonelectronic augmentative or alternative communication device",
            "E2500": "speech generating device, digitized speech, using prerecorded messages, less than or equal to 8 minutes recording time",
            "E2502": "speech generating device, digitized speech, using prerecorded messages, greater than 8 minutes but less than or equal to 20 minutes of recording time",
            "E2504": "speech generating device, digitized speech, using prerecorded messages, greater than 20 minutes but less than or equal to 40 minutes of recording time",
            "E2506": "speech generating device, digitized speech, using prerecorded messages, greater than 40 minutes of recording time",
            "E2508": "speech generating device, synthesized speech, requiring message formulation by spelling and access by physical contact with the device",
            "E2510": "speech generating device, synthesized speech, permitting multiple methods of message formulation and multiple methods of device access",
            "E2511": "speech generating software program, for personal computer or personal digital assistant",
            "E2512": "accessory for speech generating device, mounting system ",
            "E2599": "accessory for speech generating device, not otherwise specified"
        },
        "reimbursement": [
            "In the United States, applications for AAC devices can be submitted by a speech-language  pathologist (SLP) or a durable medical equipment provider to Medicare, Medicaid, vocational rehabilitation services, and other funding sources. See http://www.aacfundinghelp.com/  for information on AAC funding and a template for a funding report. In many European countries, SLPs are able to contact AAC device manufacturers directly to initiate the evaluation and funding procedures(50) Guidelines for use of AAC"
        ],
        "presentation signs and symptoms": [],
        "contraindications precautions to test": [
            "Parents/caregivers should be involved in both assessment and treatment. They have a unique perspective and can provide information about the child that cannot be obtained through formal or informal measures(10)",
            "The SLP needs to be aware of cultural considerations when assessing communicative functioning as well as when developing treatment goals.(10) Communication needs of the child should be considered with respect to the cultural, familial, and community setting(10)",
            "The evaluation should be performed in all of the languages to which the child is exposed. For children with severe ASD, assessment may focus on preverbal behaviors such as play, gesture, and other forms of nonverbal communication(11)",
            "Standardized assessment measures should be used in conjunction with ecologically valid measures, such as play-based observation(12)",
            "When assessing the language skills of children, it is imperative to use developmentally appropriate contexts, content, and procedures. This may include observation of the child in his or her natural environment during typical or daily activities(12)"
        ],
        "psychometric properties": [],
        "potential complications adverse effects": [],
        "test preparation materials required": [],
        "test procedure": [],
        "test scoring interpretation": []
    },
    "causes & risk factors": {},
    "indications for procedure": [],
    "overall contraindications precautions": [],
    "contraindications precautions to procedure": {
        "the introduction of an aac system should be specified in an individual family service plan  ifsp  or an individual education plan  iep  in collaboration with the parents guardians and early intervention or school personnel to address": []
    },
    "guidelines for use of procedure": {},
    "examination": {
        "contraindications precautions to examination": [
            "Parents/caregivers should be involved in both assessment and treatment. They have a unique perspective and can provide information about the child that cannot be obtained through formal or informal measures(10)",
            "The SLP needs to be aware of cultural considerations when assessing communicative functioning as well as when developing treatment goals.(10) Communication needs of the child should be considered with respect to the cultural, familial, and community setting(10)",
            "The evaluation should be performed in all of the languages to which the child is exposed. For children with severe ASD, assessment may focus on preverbal behaviors such as play, gesture, and other forms of nonverbal communication(11)",
            "Standardized assessment measures should be used in conjunction with ecologically valid measures, such as play-based observation(12)",
            "When assessing the language skills of children, it is imperative to use developmentally appropriate contexts, content, and procedures. This may include observation of the child in his or her natural environment during typical or daily activities(12)"
        ],
        "history": {
            "history of present illness": {
                "mechanism of injury or etiology of illness": "Does the child have a diagnosis of ASD? When was the diagnosis made? Who made the diagnosis? What is the severity level? Is there comorbid intellectual disability (ID)?(56)",
                "course of treatment": {
                    "medical management": "Medical management will vary according to the child\u2019s presenting symptoms",
                    "surgical management": [],
                    "medications": "Determine what medications the physician has prescribed; are they being taken? Medications that are used to treat symptoms of ASD may includeSSRIs are antidepressants that are used to treat obsessive-compulsive  behaviors and anxiety(13)Tricyclics are a type of antidepressant used to treat depression and obsessive-compulsive  behaviors(13)These drugs are used to reduce stereotyped behaviors, decrease hyperactivity, and minimize withdrawal and aggression(13)Stimulants might be used to decrease hyperactivity in individuals with ASD(13) Anti-anxiety  drugs can help to reduce anxiousness and panic disorders associated with ASD(13)",
                    "diagnostic tests completed": [
                        "Diagnostic tests completed:  When ASD is suspected, a physician or other healthcare professional may administer a screening. If a screening indicates the possible presence of ASD, a comprehensive diagnostic evaluation by a multidisciplinary team (e.g., psychologist, neurologist, psychiatrist, SLP) is warranted. In addition, an audiologist might test for hearing problems(2)",
                        "Usual tests for AAC with children with ASD are the following:",
                        "AAC assessment",
                        "Formal and informal speech, language, and communication assessments (for further information, see Relevant tests and measures , below)"
                    ],
                    "alternative therapies": "Document any use of home remedies (e.g., ice or heating pack), alternative therapies (e.g., acupuncture), or special diets and whether they help",
                    "previous therapy": "Document whether patient has had speech-language,  occupational, or physical therapy for this or other conditions and what specific treatments were helpful or not helpful"
                },
                "aggravating easing factors": " Aggravating/easing factors -Are there times of day in which the child\u2019s communication is better or worse? -Are there times or situations in which the child\u2019s behavior is better or worse? -Does the child communicate more effectively with certain persons? -Are there certain times or situations in which the child is a more successful communicator? -How severe are the child\u2019s communication difficulties? -Does the child have a co-occurring  disorder associated with ASD, such as ID, epilepsy, tuberous sclerosis (a disorder that includes seizures resulting from cuts in the brain)?(13) -Does the child or caregivers speak another language at home, at school, or in the community? -What modality does the child use to communicate? -Is the child overly sensitive to sensory stimulation? -How does the child respond to loud noises/visually stimulating environments/being in a group of persons? -How does the child handle changes in his or her routine?",
                "body chart": "",
                "nature of symptoms": " Nature of symptoms -How does the child communicate (i.e., verbally, with manual gestures, oral language only, with AAC)? -In a longitudinal study of 4 children with ASD aged 2;4 to 3; 5 years, researchers observed and analyzed the development of co-speech  gestures over the course of 8 months and found that each child progressed in a very different manner.(62) In general, the researchers found that co-speech  gestures often reinforced verbal communication, as is seen with typically developing children; however, both supplementary co-speech  gestures as well as those gestures that take the place of a predicate to a spoken argument (e.g., the gesture of PUSH + spoken word \u201cball\u201d) were absent in this sample of children (but are present in typically developing children of the same age)(62) -How well does the child understand language? -How does the child communicate when he or she is upset? Anxious?",
                "rating of symptoms": "Use a visual analog scale (V AS) or 010  scale to assess symptoms at their best, at their worst, and at the moment",
                "pattern of symptoms": "Document changes in symptoms throughout the day and night, if any (A.M., mid-day,  P.M., night); also document changes in symptoms due to weather or other external variables",
                "sleep disturbance": "Document number of wakings/night. Individuals with ASD can have disrupted sleep schedules due to the effects of some medications",
                "other symptoms": "Document other symptoms patient may be experiencing that could exacerbate the condition and/or symptoms that could be indicative of a need to refer to physician or specialist. Examples may include hypersensitivity to sound, maladaptive behaviors, anxiety, and gastrointestinal difficulties",
                "respiratory status": "Does the child have respiratory difficulties? Does the child have a tracheostomy?Document other symptoms individual may be experiencing that could exacerbate the condition and/ or symptoms that could be indicative of a need to refer to physician or social worker (e.g., anxiety, seizures, difficulty sleeping, self-injurious  behavior). Approximately 70% of individuals with ASD have at least one comorbid psychiatric disorder; 40% have two or more comorbid psychiatric disorders.(56) Anxiety disorders are more common in individuals with ASD as compared to the general population.(57,58) Refer families to mental health or social service professionals as appropriate Has the child\u2019s hearing been screened? If hearing loss is suspected, refer to an audiologist for a full evaluation Barriers to learning -Are there any barriers to learning? Yes __ No __ -If Yes, describe ________________________"
            },
            "medical history": {
                "past medical history": {
                    "previous history of same similar diagnosis": "Has the patient been seen by any other specialist for speech or language delay or ASD? Is there a family history of ASD?",
                    "comorbid diagnoses": "Ask patient or patient\u2019s family/caregivers about other problems, including behavior problems, motor difficulties, and selfinjurious  behavior",
                    "medications previously prescribed": "Obtain a comprehensive list of medications prescribed and/or being taken (including OTC drugs)",
                    "other symptoms": "Ask patient/patient\u2019s family about other symptoms the patient is experiencing"
                }
            },
            "social and occupational history": {
                "patient\u0432\u0402\u2122s goals": "",
                "vocation avocation and associated repetitive behaviors, if any": "Things to consider include -Does the child currently receive intervention services? If so, are they home, school, or clinic based? -If the child attends school, what is the school placement? Classroom, small group, 1-on-1  aide? -What kind of toys or activities is the child most interested in? -How does the child communicate thoughts, wants, and needs in various settings and with various communication partners (e.g., gestures, eye gaze, vocalizations, words)?",
                "functional limitations assistance with ADLs adaptive equipment": "The absence of functional communication can significantly impact an individual\u2019s ability to participate in ADLs. During an assessment, the SLP should consider ways to support a child\u2019s participation in ADLs. This should be done in collaboration with the patient, family/caregiver, other medical personnel, and school/work staff(15) -What ADLs can the child perform? -At what age were developmental milestones reached?",
                "living environment": "Stairs, number of floors in home, with whom patient lives (e.g., caregivers, family members). Identify if there are barriers to age-appropriate independence in the home; any modifications necessary? What language does the patient speak at home?"
            }
        },
        "relevant tests and measures": {
            "general": "(While tests and measures are listed in alphabetical order, sequencing should be \u203aRelevant tests and measures: (While tests and measures are listed in alphabetical order, sequencing should be appropriate to patient medical condition, functional status, and setting)",
            "anthropometric characteristics": "",
            "assistive and adaptive devices": "",
            "balance": "",
            "cardiorespiratory function and endurance": [],
            "circulation": "",
            "functional mobility": "",
            "gait locomotion": "",
            "muscle strength": "",
            "observation inspection palpation including skin assessment": [],
            "posture": "",
            "range of motion": "",
            "self-care activities of daily living": "",
            "reflex testing": "",
            "sensory testing": "",
            "special tests specific to diagnosis": "",
            "speech and language examination": " Speech and language examination (including reading)If the child uses some speech for communication, use a standardized test or an informal (nonstandardized) analysis to determine errors that have a high frequency of occurrence and are early developing and those that are  functionally important for that child and child\u2019s family. A sound inventory can be completed for children who have severely limited speech. For specific sounds, the number of omissions, substitutions, distortions, and additions can be calculated. For detailed information on assessment of speech sound disorders, see the series of Clinical Reviews on this topicChildren with severe to profound ASD and ID might be in the early stages of communication. The impact of any motor difficulties should be considered when evaluating the child\u2019s ability to respond to and initiate communication. Early communication can be assessed informally by means of a language sample and observation that document forms (e.g., gesture, vocalizations) and functions of communication (e.g., requests, comments)(20) The CSBS-DP  can be used to assess expressive language, social communication abilities, and symbolic abilities by means of a parent report and directthe Infant-Toddler  Checklist, the Caregiver Questionnaire, and a 30-minute behavior sample of the child. It can be used with all children aged 6 to 24 months and with children up to age 6 years who have a developmental age lower than 24 months(21) Used to assess prelinguistic communication behaviors in individuals with severe developmental and/or physical disabilities. Administered as a questionnaire to be completed by parents, teachers, and therapists. Pragmatic functions that are assessed include social convention, attention to self, rejection/ protestation, request for an object, request for action, request for information, comment, choice making, answer, and imitation(22) Designed to identify how the child currently communicates and assist the assessment team on selecting appropriate communication goals. The assessment covers communication skills that would typically occur from birth to 24 months of age. It can be used for individuals of all ages who are at the earliest stages of communicationAssessment of receptive and expressive language should include a combination of formal and informal measures (language samples)Informal language measures are useful to examine the child\u2019s comprehension of language in different situations, the child\u2019s responsiveness to communication, mean utterance length (MLU), word use/ vocabulary, echolalia, pronoun use, and pragmatics.(5) Informal measures can include observations of the child during home and school instructional and play situations as well as observation during specific elicitation activities. Elicitation measures are used to encourage the child to communicate. The following are some techniques to elicit specific language functions such as requests, comments, and protests for an informal language sample for children -Keep toys away from the child but within sight so that the child needs to request them(5) -Eat a snack in front of the child without offering the food to the child (to elicit requests)(5) -Provide a mystery box or opaque container with objects. When the child withdraws an object, he or she can comment on the object(5) -Engage in social routines (e.g., blowing bubbles) and provide an interruption so that the child can request continuation(5) -Elicit requests of parts of toys or puzzles by offering some but not all of the parts(5) -Pretend to misunderstand or not hear when the child speaks to elicit a conversational repair(5) -Provoke a comment by doing something silly (e.g., wear funny hat) or by pointing to a noteworthy object (e.g., band-aid  on a finger)(5)Comprehensive test batteries for language can be used with children who are able to respond to test questions. The following are examples of comprehensive language evaluations that assess both language comprehension and expression(23) Ages 1 year to 6 years, 11 months(24) Ages 5 years to 16 years, 11 months (has a pragmatic language component)(25) Ages 4 years to 8 years, 11 months (has a pragmatic language component) Children with ASD have difficulty with pragmatic language, including narrative discourse. It is recommended that SLPs use informal language samples or published assessment tools to evaluate pragmatic language. The following are examples of pragmatic tests and screening measures(5)(26) A caregiver-report  rating scale for social and communicative behaviors such as social awareness, social information processing, ability to produce reciprocal social responses, and social use of language. It can be used with children and adolescents (4 years to 18 years)(27) A screening checklist of pragmatic language skills that can be completed by parents and teachers for children and adolescents. The child\u2019s skills can be compared to a norm-referenced  sample(28) A checklist of pragmatic skills based on observation that can be used with both children and adults(29) A measure that provides an inventory of a child\u2019s communication abilities(30) A standardized measure that examines narrative comprehension and production in children aged 5 to 11 yearsRule out or identify the presence of a voice disorderRule out or identify the presence of a fluency disorderProvide a reading evaluation as necessary or refer to a reading specialist/special education teacher. Assessment may include letter identification, letter-sound  identification, phonological awareness skills, sight word reading, fluency, and reading comprehension. There are no reading assessments that have been standardized for children with ASD; adaptations might be necessary for administration and results should be interpreted with caution(59)",
            "neurological examination": "",
            "oral structure and oral motor function": "",
            "perception": "",
            "arousal attention cognition": "The SLP may administer language-related problem-solving  tests, but other cognitive tests will most likely be administered by a school psychologist, early intervention specialist, or special education teacher (e.g., the School Inventory of Problem-Solving  Skills [SIPSS])(16)",
            "aac assessment": "The American Speech-Language-Hearing Association (ASHA) recommends that AAC assessment adhere to the \u201cparticipation model,\u201d which is based on the fact that all persons with disabilities can enhance communication ability.(1,17) The goal of an AAC assessment within the participation model is to match the child with optimal  communication strategies and systems so that he or she can participate in meaningful events in daily life.(1) Assessors must consider the skills of the child as well as the setting and prospective conversational partners. A team approach is recommended in the implementation of AAC; team members typically include SLPs, teachers, the AAC user, and parents/ caregivers. To the greatest extent possible, assessment procedures should be applicable to everyday life(1,9)An ecological inventory can be used to supplement information obtained from interviewsThe purpose of an environmental assessment is to determine the extent of the child\u2019s communication repertoire and social functions with respect to the child\u2019s peers in different environments and activities. The following steps can be used(17) -A peer is observed in a particular setting (e.g., classroom, library, lunch room). The SLP charts the list of communication behaviors that were required for a particular activity (e.g., asking questions, answering yes/no questions, greeting others, requesting objects or activities) -The communication abilities of the child being considered for AAC are compared to those of his/her peers -The child is then provided the AAC support and taught the skills necessary to participate in the activityA child\u2019s knowledge of symbols is typically assessed through dynamic assessment, in which the symbols are taught to the child and then assessed. Symbols include gestures, line drawings, photographs, pictures, traditional orthography, manual signs, etc. Before assessment, a range of concepts that are functional and meaningful for the child are selected to be tested. The highest symbol level that the child is expected to understand is usually tested first to maximize efficiency of assessment. Language tasks that can be used to test symbol knowledge include(17)The evaluator says \u201cShow me\u2026\u201d while presenting multiple symbols to the childThe evaluator asks \u201cIs this a\u2026?\u201d while presenting a symbolThe child is asked to match a symbol to its referentThe child is asked to answer questions using symbols that are availableThe child is given an opportunity to request an item by using a symbolThe child is asked to imitate gestures and actions with specific objects (e.g., pouring tea from a teapot)(18) -The presence of some degree of speech comprehension and comprehension of distal gestures are prognostic indicators of the child\u2019s potential to communicate symbolically using an AAC system(1) -In a study conducted in Japan with 18 children with ASD, researchers found that when a speaker added a pointing cue to eye gaze, this improved referential word mapping in children with ASD(53)The organization of symbols in an aided system should reflect how the child organizes the symbols rather than how the SLP may organize them. Symbols may be arranged taxonomically, alphabetically, schematically, or idiosyncratically (e.g., the child puts \u201cbaseball\u201d with \u201cDad\u201d because he plays baseball with his father). To assess how the child organizes the items, the following tasks can be used(19)The child groups individual vocabulary on different pages or in different boxesThe child is required to match words togetherThe child may trial one organizational system and changes may be made based on the child\u2019s speed, accuracy, and preference in selecting itemsInterviews with the child\u2019s caregivers, teachers, and other communicative partners may identify possible communication barriers that can be resolved. In addition, systematic observation of the child\u2019s interactions, with focus on the communicative partners, can yield information on barriers that may limit the child\u2019s opportunity to communicate. Barriers may include lack of sufficient response time allowed for child, lack of child attention during communicative interactions, and environmental barriers such as presence of loud noises in the classroomNote any difficulties the child may have with motor control that may interfere with social interaction, communication, and use of an AAC system. Children with ASD often have motor impairments such limb apraxia (i.e., difficulty organizing movements in time and space) and involuntary movements.(8) Refer to physical therapist (PT) or occupational therapist (OT) as necessary",
            "swallow examination": "Children with ASD might have feeding and/or swallowing disorders. Evaluate swallowing as needed. For detailed information on assessment and treatment of feeding problems in children with ASD, see ClinicalAutism Spectrum Disorder ; Topic ID Number",
            "tracheostomy examination": "If present, assess tracheostomy tube and document date of placement, current respiratory status, and use of speaking valve. For detailed information on assessment of patients with tracheostomies, see ClinicalChildren with Tracheostomy ; Topic ID Number a tracheostomy tube and use of a speaking valve, see Clinical Review\u2026Passy-Muir  Tracheostomy & Ventilator SwallowingT708919"
        }
    },
    "assessment plan of care": {
        "contraindications precautions": {
            "cryotherapy contraindications": [],
            "cryotherapy precautions": [],
            "contraindications precautions": [],
            "superficial heat is contraindicated with": [],
            "electrotherapy contraindications precautions include": [],
            "other": [
                "Only those contraindications/precautions applicable to this diagnosis are mentioned below, including with regard to modalities. Rehabilitation professionals should always use their professional judgment",
                "Children with ASD can be at risk for falls; follow facility protocols for fall prevention and post fall-prevention instructions at bedside, if inpatient. Inform patient and family/caregivers of the potential for falls and educate about fall-prevention  strategies. If inpatient, discharge criteria should include independence with fall-prevention strategies",
                "Children with ASD may be at risk for feeding and swallowing disorders; perform a feeding/swallowing evaluation if feeding/swallowing disorders are suspected or if the child exhibits signs of malnourishment",
                "Clinicians should follow the guidelines of their clinic/hospital and what is ordered by the patient\u2019s physician. The summary below is meant to serve as a guide, not to replace orders from a physician or a clinic\u2019s specific protocols"
            ]
        },
        "diagnosis need for treatment": " Diagnosis/need for procedure The need for AAC is determined based upon a comprehensive AAC assessment that examines the child\u2019s present communication skills, communication needs, and future communication goals AAC intervention should be a multidisciplinary and ongoing procedure that can require multiple systems over many years to accommodate changing cognitive, linguistic, and physical abilities(31) Goals should be made by an AAC team that includes, at minimum, an SLP, the family, and a teacher(32) Situations that may necessitate the need for AAC as an alternative method of communication include \u2013The child has socially unacceptable ways of communicating (e.g., hitting)(1) \u2013Existing methods of communication are tiring for the child(1) \u2013Existing methods of communication are understood by only a limited number of familiar conversational partners(1)  \u2013Communication may be harmful to the child or others(1) \u2013Existing communication may be inefficient(1)",
        "rule out": "",
        "prognosis": [
            "The presence of some degree of receptive language ability and comprehension of distal gestures are prognostic indicators of the child\u2019s potential to communicate symbolically using an AAC system(1)",
            "Prognosis for using AAC successfully depends on intrinsic factors such as cognitive level(33) as well as external factors that may be barriers to or facilitators of AAC use. Barriers that have been identified include time constraints, specific device problems, and lack of support from parents/guardians(9)"
        ],
        "referral to other disciplines": "Several professionals typically are involved in the assessment and treatment team for a child with ASDAn OT can help improve fine motor and adaptive skills. Collaborate with the OT on AAC support as necessary (e.g., optimal way to access the device)Refer to a PT if the child has significant motor deficits and/or poor posture that negatively affects speech productionA recreational therapist might be involved on the team to assist the child in developing recreational skillsSocial services can assist the family in negotiating assistance systems (e.g., medical services, daycare)Refer to a behavioral psychologist if the child exhibits any challenging behaviors, including self-injurious behaviors",
        "other considerations": [],
        "treatment summary": [
            "Authors of a scoping review on AAC for individuals with ASD that included 48 studies with 187 total participants ranging in age from 3 to 21 (mean age of 9 years 10 months) reported that there was strong evidence that individuals with ASD benefit from AAC. Speech-generating  devices (SGDs) were particularly beneficial for helping individuals with ASD learn how to make requests(67)",
            "Effective and efficient use of AAC occurs with a coordinated effort among teachers, the SLP, family, and AAC user(9,32)",
            "When implementing intervention, the SLP/teacher should consider the child\u2019s preferences and functional motivations(34)",
            "Rather than a single system of communication, the assessment team should identify multiple  methods of communication that the child may use in different situations.(32) Some forms of AAC (e.g., manual signs) are more easily accessed but understood by only some communication partners; voice output communication aids (VOCAs) are more widely understood but might not be available at the moment that the child wants to communicate",
            "Monitoring of the device or system should be ongoing due to the changing needs of the child and the level of required external support(9,32)",
            "Treatment should always be functional, and family-centered  when appropriate. The child should be taught to use the AAC system functionally in diverse settings with different partners.(1) The SLP might be involved in providing direct coaching to parents, siblings, and/or peers regarding the use of the AAC device. Families should always have the opportunity to provide information on their children\u2019s greatest communication needs(32)",
            "The SLP might be involved in instructing teachers/paraeducators or parents on how to use the AAC system with the child. Instruction will vary with the individual\u2019s knowledge but can include the importance of communication, the relationship between behavior and communication, prompting students to use AAC, and how to respond to the child's communicative attempts.(35) Training the child\u2019s communication partner(s) in effective use of AAC is likely to improve the child\u2019s overall communicative success with AAC(54)",
            "Authors who reviewed two studies, one that used the Picture Exchange Communication System (PECS) and the other that involved use of an SGD, reported improved social outcomes for the child with ASD who used AAC when there was specific peer-mediated  AAC instruction provided.(55) Peer-mediated  strategies for these studies included 1) having an adult facilitate all sessions that involve a typically developing peer and a child with ASD; 2) providing each child with ASD with a typically developing \u201cbuddy\u201d as well as a \u201cbuddy book\u201d with pictures and words; 3) adult\u2013adult  role playing with the AAC for the peer pairs; 4) adult\u2013child  with ASD role play with the AAC; 5) child with ASD\u2013peer  role play with the AAC; 6) adult feedback/reinforcement for the children about communication interactions(55) ",
            "Display presentation considerations \u2013Presentation refers to the organization and layout of the concepts within a display. Variables in presentation include the permanence of the display (i.e., static vs. dynamic display), layout of the display (i.e., grid or visual scene displays), number of representations on the display, size of the symbols, and color organization(36) \u2013In a static display, all symbols can be viewed simultaneously but are limited in number. In a dynamic display, the person can navigate different electronic or nonelectronic pages to find other symbols(36) \u2013Symbols can be displayed on a grid (rows and columns of pictures) or as a visual scene display. A visual scene display contains a picture or photograph with hot spots that allow the user to select items within the scene. For example, a scene could be a kitchen and the user can select an item of food. It is theorized that visual scene displays may reduce cognitive demands in finding and using correct symbols because the symbols are displayed in a contextually meaningful context(36)",
            "Several literature reviews have assessed the effectiveness of AAC for children with ASD \u2013Authors of a review of 12 AAC studies of infants and toddlers with developmental disabilities (190 total participants, 26 with ASD) found that the participants had the ability to use low-technology  methods for early communicative acts such as requesting, commenting, choice making, and protesting. The majority of participants used unaided methods of AAC such as signs, gestures, vocalizations, body movements, and eye gaze shifts. The authors concluded that all studies indicated an improvement in child communication; however, only 7 of 12 studies had adequate methodology to provide conclusive evidence(37) \u2013Authors of a best-evidence  synthesis of research investigated the effects of AAC on speech production of subjects with a range of developmental disabilities (17 total participants that included 4 children with ASD).(38) The authors of the synthesis concluded that AAC intervention resulted in modest gains in speech production for most (89%) of the participants. None of the participants demonstrated a decrease in speech production \u2013Authors of a review of intervention studies involving SGDs for children with ASD (n = 51 children, 3\u201316  years) published from 1998 to 2009 reported that intervention strategies included two main approaches: operant/behavioral techniques and naturalistic teaching procedures. The authors reported positive outcomes for 86% of the studies and found that the majority of studies (78%) had sufficient methodological rigor to provide conclusive evidence.(39) The authors also reported that requesting skills were the most commonly taught and recommended that AAC intervention go beyond requesting skills to more advanced communication skills using SGDs. They also recommended that generalization of skills be taught in different settings with other communication partners(39) \u2013Authors of a review of 56 intervention studies completed from 1980 to 2007 involving the use of AAC for individuals with ASD found that interventions with successful outcomes included those that incorporated sign language/total communication, visual-graphic  symbols, and/or SGDs. Children under the age of 9 made up the majority of participants in the studies (58%)(40) \u2013Authors of a descriptive review of AAC intervention from 1997 to 2003 found that a variety of antecedent and consequence strategies improved AAC communication for children with disabilities. The following are the most common antecedent and consequence strategies in the studies(34) -Antecedent(34) -Prompting: Communication partner uses modeling or gestural, verbal, or physical prompts -Use of multiple stimuli: Relevant materials, such as communication aids, are arranged within reach of the student -Motivation: Partner enhances motivation by following student\u2019s lead and using turn-taking  in a play routine -Embedded instruction: Instruction is embedded in ongoing routines -Temptations: Partner presents some, but not all, of the materials needed to complete a motivating task (e.g., paper but not colors for coloring activity) -Instructor request: The instructor makes a request to the student -Peer mediation: Peers interact with or prompt the student -Consequence(34) -Reinforcement: Communication partner provides specific reinforcement such as responding, fulfilling request for play, or choice of preferred item. An artificial reinforcer, one not related to communication or the task, was used in only 2 of 40 studies -Nonpunitive error correction: Communication partner provides a model and repeats trial, assisting the child \u2013Authors of a literature review of studies on the use of instructional/assistive technology to teach academic skills to students with ASD found only 4 studies that met the \u201cacceptable\u201d quality criteria for the review. Overall, authors report a  low level of evidence for using technology-based  interventions for academic skill training in this population of students. Review authors concluded that technology-based  interventions intended to teach academic skills to students with ASD should be \u201cused with caution\u201d(60)",
            "Types of AAC: AAC typically is categorized into unaided systems of communication and aided systems of communication: \u2013Unaided communication: Unaided approaches to AAC involve using the child\u2019s body to communicate by means of manual signs, gestures, vocalizations, facial expressions, or body movements(37) -Sign language/manual signs: Manual signs may be a primary method of communication or part of a multimodal method of communicating. Even children who may usually use an aided method of communicating may need other methods, such as manual signs, when their electronic or nonelectronic aid is absent or malfunctions(41) -Advantages of sign language/gestures include portability, speed of message preparation, and access to an unlimited number of potential messages. Limitations include the requirement of sufficient fine motor skills to produce the signs; in addition, the signs/gestures need to be recognizable to the communication partner(42) \u2013Aided communication: Aided communication approaches include light-technology  devices and high-technology  devices -Light-technology  systems: Light-technology  AAC refers to nonelectronic external devices such as alphabet boards, symbol-based  topic boards, dry erase boards, and programs such as the PECS (see below for further information)(42) -Advantages of methods such as drawing and a dry-erase board over fixed communication systems such as a communication board are that they can be used in dynamic situations, allowing for expansion and modification of messages(42) -Because light-technology  systems do not have speech output, they require the active participation of the communication partner in interpreting and speaking the words that the child selects; thus, conversations can be highly interactive(42) -Light-technology  systems also allow frequent opportunities for the communication partner to model when the partner supplements spoken output by pointing to the symbol(42) -The success of the interaction depends on the communication partner\u2019s knowledge of the topic, knowledge of the AAC system, and comfort in interacting with the system; thus, it is crucial that communication partners are trained in the use of the particular system with the child(42) -The most intervention research on light-technology systems for children with ASD has been with PECS -PECS is a program that teaches the child to request and to comment by giving picture cards to a communication partner.(43) The communication partner responds by modeling the verbal request and providing the requested item. The child is taught to use PECS by a series of shaping and prompting procedures. Single cards can be used, or cards can be combined into a sequence on a sentence strip and exchanged with the communication partner.(43) For more information on the strategies and the sequence of instructional steps for PECS, see Frost and Bondy, 1996(44) -Authors of a meta-analysis  synthesized the results of group and single-subject  studies that evaluated the effectiveness of the PECS approach on improving speech and overall communication abilities of children with ASD.(45) Researchers concluded that PECS is a promising but not firmly proven practice for promoting communication in children with ASD. At present, there is evidence to support that PECS has small to moderate positive effects on communication; however, there is less evidence to support that it has significant effects on speech development. The authors of this review concluded that more research is needed to assess generalization and maintenance of communication and speech gains -Authors of a review of 8 studies that investigated AAC for children with ASD and comorbid sensory impairment reported on 4 studies that investigated the use of PECS. Communication ability in all participants in 3 of these 4 studies improved using PECS; however, all 4 studies had methodological problems, and review authors recommended further research regarding the effectiveness of PECS in individuals with ASD and comorbid sensory impairments(66) -Two single-group  studies (N = 31, N = 18) conducted in the United States examined the use of PECS to improve functional communication for preschoolers with developmental disabilities. In over half of the participants in both studies PDD-NOS  or ASD was diagnosed.(7) Results of language samples at snack time and free-choice  activities indicated that PECS led to improved functional communication, and improved communication generalized to untrained settings. In addition, 44% of the children demonstrated an increase in spoken language after using PECS -High-technology  systems: High-technology  systems are electronic devices such as SGDs. SGDs have been classified into two main types: devices that allow for formation of new messages and devices that use word or whole-phrase retrieval of prerecorded messages. Caregivers and patients should be involved in selecting the device  -Factors to consider when selecting a device include -Appearance: The assessment team and patient should consider the size, the type of pictures (symbols, photographs), and hardware required (e.g., for classroom use or for use in a variety of environments) -Symbols should be culturally and individually relevant (e.g., if the patient participates in religious activities, options to allow for communication in these situations should be included) -Accessibility and ease of use: Can the patient use the device while holding it at the same time? Can the patient carry the device? -V oice quality: Is the audio clear? Does the patient have any difficulty perceiving the voice? -Effectiveness: Is the device effective for the patient\u2019s needs? -Dynamic screen technology or static display? -Language demands: How are messages composed? Letters, single words, text plus symbols, phrases, sentences, visual scenes? -Universal design is a relatively new concept with respect to assistive technology, including AAC; the idea of universal design is to create devices that serve needs of a wide range of individuals\u2014those with and without disabilities.(64) For example, there are many apps available for download on the iPad that allow it to become a high-tech  AAC device for a child with ASD, but it can also be used by the patient\u2019s parents whose language abilities are intact.(65) For devices with universal design, no adaptations are necessary.(64) The iPad or other commercially available computer tablets also have the advantage of being highly socially acceptable, which is appealing to many parents who do not want their child\u2019s AAC device to appear awkward or stand out -In a study conducted in the United States with5 boys with ASD (mean age of 4.5 years), researchers compared PECS with an iPad-based  SGD to help the children acquire a mand repertoire.(63) Researchers used an alternating treatment design: after the initial baselines, subjects were randomly assigned to begin either PECS or iPad training and were trained in the second form of AAC after the first intervention was complete. The frequency of independent and prompted mands was used as a dependent variable for this study. The interventional mand training was performed in sessions with 15 trials each. In the mand training sessions, a researcher would present the participant with three preferred items and ask the participant to select one. When the participant reached for an item it was then placed out of the child\u2019s reach, but within view, and the PECS or iPad with the picture of the item was placed in front of the child. If the child did not use the AAC to request the item within 5 seconds, the researcher modeled how to do so. Once the child had the preferred item, he was allowed to play with it for 30 seconds and then it was taken back for the next trial. At the conclusion of the study, researchers found that the overall rate of independent manding across training and maintenance intervals was higher for 4 of the 5 participants using the iPad-based  SGD. Individual results varied with respect to obtaining a level of mastery with the device: 2 participants more readily achieved mastery criteria with PECS and 3more readily achieved mastery criteria with the SGD(63)",
            "Functional Communication Training (FCT) and AAC: FCT is often used to address challenging behaviors of children who have difficulty communicating. The purpose of FCT is to replace problem behaviors with more appropriate behaviors that serve the same function. Assessment, or functional analysis, involves identifying the environmental events that are related to the challenging behavior. In a review of FCT intervention studies that utilized AAC (total participants = 52), a variety of AAC techniques were employed in the studies reviewed, with manual signing the most commonly used by participants (37%).(46) Gestures and communication books were taught to 15% of participants. Other AAC techniques included VOCAs, line drawings/photographs, and a Canon Communicator M. FCT resulted in a significant reduction of problem behaviors for the majority of participants (85%). However, studies lacked information on generalization, with only 25% of participants showing generalization of the intervention effects across settings and communication partners. The author concluded that AAC with FCT is most effective when the behaviors are efficient, recognizable by others, and learned in natural settings with distributed practice trials(46)",
            "Facilitated communication: In the 1990s, facilitated communication was promoted by some researchers as a method for circumventing expressive language difficulties of individuals with ASD. The \u201cfacilitator\u201d assisted a nonverbal person (communicator) to indicate letters, words, phrases, or sentences on a computer, typewriter, or alphabet board by using manual prompting to support the communicator\u2019s hand in selecting the letters or phrases. Multiple research studies have found that there is no scientific evidence that this method is effective or valid; blind studies in which the facilitators are asked different questions than the patients demonstrate that facilitators often unintentionally select messages for patients rather than assist patients in creating their own messages(47,48) See Description , Indications of device/equipment , and Guidelines for use of device/equipment , above  . Problem Goal Intervention Expected Progression Home Program Lack of participation in daily events at home and school due to severe communication barriersIncrease ability of child to participate in daily events at home and school with AAC supportUse of AAC system to increase communication ability _ See Treatment summary , above, for information on AAC treatment options for children with ASDThe child will learn to use an AAC system and increase communication and participation in daily events with a variety of communication partners at home and schoolAAC system should be used at home with parent/caregiver support ."
        ]
    },
    "desired outcomes outcome measures": {
        "desired outcomes will vary considerably depending upon educational need, parent caregiver goals, and severity of the child\u2019s motor, cognitive, and speech-language  impairments": [],
        "outcome measures include:": [
            "Environmental assessment/ecological inventory: The purpose of an environmental assessment is to determine the extentof the child\u2019s communication repertoire and social functions when compared to pretreatment performance and those ofpeers(11,20)",
            "Assessment of symbol understanding: The child\u2019s understanding of certain symbols may change during treatment",
            "Assessment of communication barriers: The child\u2019s communication barriers should be continually assessed",
            "Assessment of receptive and expressive language should include a combination of formal and informal measures (languagesamples). Pragmatic skills should be assessed in multiple settings"
        ]
    },
    "maintenance or prevention": [
        "In a qualitative study conducted in Canada of interviews with 6 special education teachers and 1 SLP who worked together on a school AAC team, researchers identified three factors that facilitated AAC use Parent participation in the team process: AAC use was considered more successful when there was consistent communication between parents and school, when parents used AAC with the child at home, and when parents participated in team decision making(9) Effective team collaboration: Respondents reported that effective teaming required time, frequent communication, shared goals of building communication skills of students, administrative support for meetings and equipment needs, and support from all staff members who were working with the students using AAC(9) Ease of use of device: Ease of use refers not only to ease of student use (e.g., portability, durability) but also ease of programming and maintenance(9)",
        "Factors related to abandonment of AAC system include poor performance with the device used, lack of significant improvement in communication with the device, high costs associated with the device (service, repair, maintenance), and limited availability of service and repair(1)  Patient/Caregiver Education",
        "Parents/caregivers and conversation partners should be instructed on how to provide the child with opportunities to communicate as well as how to maintain and use the AAC system",
        "The family and school professionals must be trained on how to use and program an electronic device if one is used(1)",
        "See patient information onaugmentative and alternative Communication (AAC),on the American Speech-Language-Hearing Association website at http://www.asha.org/public/speech/disorders/AAC/",
        "See patient information on support groups, research, conferences, and national resources from the American Association on Intellectual and Developmental Disabilities, http://aaidd.org/ Note",
        "Recent review of the literature has found no updated research evidence on this topic since previous publication onFebruary 17, 2017 Coding Matrix References are rated using the following codes, listed in order of strength: MPublished meta-analysis SRPublished systematic or integrative literature review RCTPublished research (randomized controlled trial) RPublished research (not randomized controlled trial) CCase histories, case studies GPublished guidelinesRVPublished review of the literature RUPublished research utilization report QIPublished quality improvement report LLegislation PGRPublished government report PFRPublished funded reportPPPolicies, procedures, protocols XPractice exemplars, stories, opinions GIGeneral or background information/texts/reports UUnpublished research, reviews, poster presentations or other such materials CPConference proceedings, abstracts, presentation"
    ],
    "patient education": [],
    "references": [
        {
            "number in article": 1,
            "reference": "ASHA Special Interest Division 12 Augmentative and Alternative Communication (AAC). Augmentative and alternative communication. American Speech-Language-Hearing Association Web site. https://www.asha.org/PRPSpecificTopic.aspx?folderid=8589942773&section=Key_Issues . Accessed July 22, 2018. (G)"
        },
        {
            "number in article": 2,
            "reference": "National Institute of Neurological Disorders and Stroke. Autism Fact Sheet. NINDS Web site. http://www.ninds.nih.gov/disorders/autism/detail_autism.htm#155633082 . Published November 3, 2015. Accessed July 22, 2018. (GI)"
        },
        {
            "number in article": 3,
            "reference": "Husseinzadeh N. Gestational trophoblastic neoplasm. In: Adams Hillard PJ, ed. The 5-minute obstetrics and gynecology consult . Philadelphia, PA: Wolters Kluwer Health/ Lippincott Williams & Wilkins; 2008:110-111.  (GI)"
        },
        {
            "number in article": 4,
            "reference": "Centers for Disease Control and Prevention staff. Basics about ASD. Centers for Disease Control and Prevention Web site. http://www.cdc.gov/ncbddd/autism/facts.html . Published August 12, 2015. Accessed July 22, 2018. (G)"
        },
        {
            "number in article": 5,
            "reference": "Paul R. Assessing communication in high functioning students with autism spectrum disorders. Perspect School-Based  Issues. 2005;6:14-20.  doi:10.1044/sbi6.3.14. (GI)"
        },
        {
            "number in article": 6,
            "reference": "Mayo Clinic staff. Autism spectrum disorder: Symptoms. MayoClinic.com Web site. http://www.mayoclinic.com/health/autism/DS00348/DSECTION=symptoms . Published June 3, 2014. Accessed July 22, 2018. (GI)"
        },
        {
            "number in article": 7,
            "reference": "Schwartz IS, Garfinkle AN, Bauer J. The Picture Exchange Communication System: communicative outcomes for young children with disabilities. Topics Early Child Spec Educ. 1998;18(3):144-159.  (R)"
        },
        {
            "number in article": 8,
            "reference": "Mirenda P. A back door approach to autism and AAC. Augment Altern Commun . 2008;24(3):220-234.  (X)"
        },
        {
            "number in article": 9,
            "reference": "Bailey RL, Stoner JB, Parette HP, Angell ME. AAC Team Perceptions: Augmentative and Alternative Communication Device Use. Educ Train Dev Disabil . 2006;41(2):139-154. (R)"
        },
        {
            "number in article": 10,
            "reference": "National Joint Committee for the Communication Needs of Persons With Severe Disabilities (NJC). Augmentative and Alternative Communication. American Speech-Language-Hearing  Association . http://www.asha.org/NJC/AAC/ . Accessed July 22, 2018. (G)"
        },
        {
            "number in article": 11,
            "reference": "American Speech-Language-Hearing  Association. Roles and responsibilities of speech-language  pathologists in early intervention: Technical report. American Speech-Language-Hearing  Association Web site. http://www.asha.org/policy/TR2008-00290.htm . Accessed July 22, 2018. (G)"
        },
        {
            "number in article": 12,
            "reference": "Paul R. Language Disorders from Infancy Through Adolescence: Assessment & Intervention . 3rd ed. St. Louis, MO: Elsevier Mosby; 2006. (G)"
        },
        {
            "number in article": 13,
            "reference": "Overview: What We Know. National Institutes of Health, Eunice Kennedy Shriver National Institute of Child Health Web site. http://www.fcbha.org/PDF/ What_We_Know_About_Autism.pdf . Accessed July 22, 2018. (GI)"
        },
        {
            "number in article": 14,
            "reference": "Shevell M. Global developmental delay and mental retardation or intellectual disability: conceptualization, evaluation, and etiology. Pediatr Clin North Am . 2008;55(5):1071-1084.  (RV)"
        },
        {
            "number in article": 15,
            "reference": "American Speech-Language-Hearing  Association. Preferred practice patterns for the profession of speech-language  pathology. American Speech-Language-Hearing Association. http://www.asha.org/policy/PP2004-00191.htm . Accessed July 22, 2018. (G)"
        },
        {
            "number in article": 16,
            "reference": "Rowland C, Schweigert P. The School Inventory of Problem-Solving  Skills (SIPSS) . Portland, OR: Design to Learn Projects; 2002. (PP)"
        },
        {
            "number in article": 17,
            "reference": "Beukelman DR, Mirenda P. Augmentative and Alternative Communication: Supporting Children and Adults with Complex Communication Needs . 4th ed. Baltimore, MD: Paul H. Brookes Publishing Co; 2013. (GI)"
        },
        {
            "number in article": 18,
            "reference": "Ingersoll B, Meyer K. Do object and gesture imitation skills represent independent dimensions in autism?. J Dev Phys Disabil . 2011;23(5):421-431.  (R)"
        },
        {
            "number in article": 19,
            "reference": "Simpson K, Hux K, Beukelman DR, Lutt S, Gaebler C. Two-item comparison task to assess category structure. Augment Altern Commun . 1996;12(3):181-187.  (R)"
        },
        {
            "number in article": 20,
            "reference": "Wetherby AM, Prizant BM. Communication and Symbolic Behavior Scales Developmental Profile: 1st normed ed . Baltimore, MD: Paul H. Brookes; 2002. (PP)"
        },
        {
            "number in article": 21,
            "reference": "Sigafoos J, Woodyatt G, Keen D. Identifying potential communicative acts in children with developmental and physical disabilities. Commun Disord Q . 2000;21(2):77-86.  (PP)"
        },
        {
            "number in article": 22,
            "reference": "Rowland C. Handbook: online communication matrix. Communication Matrix Web site. https://www.communicationmatrix.org/uploads/pdfs/handbook.pdf . Accessed July 22,"
        },
        {
            "number in article": 2018,
            "reference": " (PP)"
        },
        {
            "number in article": 23,
            "reference": "Reynell JK, Gruber CP. Reynell Developmental Language Scales . Los Angeles, CA: Western Psychological Services; 1990. (PP)"
        },
        {
            "number in article": 24,
            "reference": "Semel E, Wiig EH, Secord WA. Clinical Evaluation of Language Fundamentals . 5th ed. San Antonio, TX: The Psychological Corporation; 2013. (PP)"
        },
        {
            "number in article": 25,
            "reference": "Newcomer PL, Hammill DD. Test of Language Development-Primary . 3rd ed. Austin, TX: PRO-ED; 1997. (PP) "
        },
        {
            "number in article": 26,
            "reference": "Constantino JN. The Social Responsiveness Scale . Los Angeles, CA: Western Psychological Services; 2005. (PP)"
        },
        {
            "number in article": 27,
            "reference": "Bishop D. Children's Communication Checklist-2 . London: Psychological Corp; 2003. (PP)"
        },
        {
            "number in article": 28,
            "reference": "Prutting CA, Kirchner DM. A clinical appraisal of the pragmatic aspects of language. J Speech Hear Disord . 1987;52(2):105-119.  (R)"
        },
        {
            "number in article": 29,
            "reference": "Kleiman LI. Functional Communication Profile-Revised . East Moline, IL: LinguiSystems; 2003. (PP)"
        },
        {
            "number in article": 30,
            "reference": "Gillam R, Pearson NA. The Test of Narrative Language . Austin, TX: Pro-Ed; 2004. (PP)"
        },
        {
            "number in article": 31,
            "reference": "Fager S, Hux K, Beukelman DR, Karantounis R. Augmentative and alternative communication use and acceptance by adults with traumatic brain injury. Augment Altern Commun. 2006;22(1):37-47.  (R)"
        },
        {
            "number in article": 32,
            "reference": "Calculator SN, Black T. Validation of an inventory of best practices in the provision of augmentative and alternative communication services to students with severe disabilities in general education classrooms. Am J Speech Lang Pathol . 2009;18(4):329-342.  (GI)"
        },
        {
            "number in article": 33,
            "reference": "Howlin P, Goode S, Hutton J, Rutter M. Adult outcome for children with autism. J Child Psychol Psychiatry . 2004;45(2):212-229.  (R)"
        },
        {
            "number in article": 34,
            "reference": "Snell ME, Brady N, McLean L. Twenty years of communication intervention research with individuals who have severe intellectual and developmental disabilities. An J Intellect Dev Disabil . 2010;115(5):364-380.  (RV)"
        },
        {
            "number in article": 35,
            "reference": "Bingham MA, Spooner F, Browder D. Training paraeducators to promote the use of augmentative and alternative communication by students with significant disabilities. Educ Train Dev Disabil . 2007;42(3):339-352.  (R)"
        },
        {
            "number in article": 36,
            "reference": "Reichle J, Drager KDR. Examining issues of aided communication display and navigational strategies for young children with developmental disabilities. J Dev Phys Disabil . 2010;22(3):289-311.  (RV)"
        },
        {
            "number in article": 37,
            "reference": "Branson D, Demchak M. The use of augmentative and alternative communication methods with infants and toddlers with disabilities: a research review. Augment Altern Commun. 2009;25(4):274-286.  (RV)"
        },
        {
            "number in article": 38,
            "reference": "Millar DC, Light JC, Schlosser RW. The impact of augmentative and alternative communication intervention on the speech production of individuals with developmental disabilities: a research review. J Speech Lang Hear Res . 2006;49(2):248-264.  (SR)"
        },
        {
            "number in article": 39,
            "reference": "der Meer L, Rispoli M. Communication interventions involving speech-generating  devices for children with autism: a review of the literature. Dev Neurorehabil . 2010;13(4):294-306.  (RV)"
        },
        {
            "number in article": 40,
            "reference": "Nunes DRP. AAC interventions for autism: a research summary. Int J Spec Educ . 2008;23(2):17-26.  (RV)"
        },
        {
            "number in article": 41,
            "reference": "Sigafoos J, Drasgow E. Conditional use of aided and unaided AAC: a review and clinical case demonstration. Focus Autism Other Dev Disabl . 2001;16(3):152-161.  (C)"
        },
        {
            "number in article": 42,
            "reference": "Wilkinson KM, Hennig S. The state of research and practice in augmentative and alternative communication for children with developmental/intellectual disabilities. Ment Retard Dev Disabil Res Rev . 2007;13(1):58-69.  (RV)"
        },
        {
            "number in article": 43,
            "reference": "Bondy A, Frost L. The Picture Exchange Communication System. Behav Modif . 2001;25(5):725-744.  (GI)"
        },
        {
            "number in article": 44,
            "reference": "Frost LA, Bondy AS. PECS: The Picture Exchange Communication System Training Manual . Cherry Hill, NJ: Pyramid Education Consultants; 1996. (G)"
        },
        {
            "number in article": 45,
            "reference": "Flippin M, Reszka S, Watson L. Effectiveness of the picture exchange communication system (PECS) on communication and speech for children with autism spectrum disorders: a meta-analysis.  Am J Speech Lang Pathol . 2010;19(2):178-195.  (M)"
        },
        {
            "number in article": 46,
            "reference": "Mirenda P. Supporting individuals with challenging behavior through functional communication training and AAC: research review. Augment Altern Commun . 1997;13:207-225. (R)"
        },
        {
            "number in article": 47,
            "reference": "Jacobson JW, Mulick JA, Schwartz AA. A history of facilitated communication: science, pseudoscience, and antiscience science working group on facilitated communication. Am Psychol . 1995;50(9):750-765.  (RV)"
        },
        {
            "number in article": 48,
            "reference": "Mostert MP. Facilitated communication since 1995: a review of published studies. J Autism Dev Disord . 2001;31(3):287-313.  (SR)"
        },
        {
            "number in article": 49,
            "reference": "Dunst CJ. Early intervention for infants and toddlers with developmental disabilities. In: Odom SL, Horner RH, Snell ME, Blacher J, eds. Handbook of Developmental Disabilities . New York, NY: Guilford Press; 2007:161-180.  (GI)"
        },
        {
            "number in article": 50,
            "reference": "Wallace T, Bradshaw A. Technologies and strategies for people with communication problems following brain injury or stroke. NeuroRehabilitation . 2011;28(3):199-209. doi:10.3233/NRE-2011-0649.  (RV)"
        },
        {
            "number in article": 51,
            "reference": "Novogrodsky R. Subject pronoun use by children with autism spectrum disorders (ASD). Clin Linguist Phon . 2013;27(2):85-93.  doi:10.3109/02699206.2012.742567. (R)"
        },
        {
            "number in article": 52,
            "reference": "Mayo J, Chlebowski C, Fein DA, Eigsti IM. Age of first words predicts cognitive ability and adaptive skills in children with ASD. J Autism Dev Disord . 2013;43(2):253-264. doi:10.1007/s10803-012-1558-0.  (R)"
        },
        {
            "number in article": 53,
            "reference": "Akechi H, Kikuchi Y, Tojo Y, Osanai H, Hasegawa T. Brief report: pointing cues facilitate word learning in children with autism spectrum disorder. J Autism Dev Disord . 2013;43(1):230-235.  doi:10.1007/s10803-012-1555-3.  (R)"
        },
        {
            "number in article": 54,
            "reference": "Ogletree BT. Stakeholders as partners: making AAC work better. Perspect Augment Altern Commun . 2012;21(4):151-158.  (C)"
        },
        {
            "number in article": 55,
            "reference": "Thiemann-Bourque  K. Peer-mediated  AAC instruction for young children with autism and other developmental disabilities. Perspect Augment Altern Commun . 2012;21(4):159-166.  (RV)"
        },
        {
            "number in article": 56,
            "reference": "American Psychiatric Association. Autism spectrum disorder. In: Diagnostic and Statistical Manual of Mental Disorders: DSM-5. 5th ed. Washington, DC: American Psychiatric Publishing; 2013:50-59.  (G)"
        },
        {
            "number in article": 57,
            "reference": "Hallett V, Ronald A, Colvert E. Exploring anxiety symptoms in a large-scale  twin study of children with autism spectrum disorders, their co-twins and controls. J Child Psychol Psychiatry . 2013;54(11):1176-1185.  (R)"
        },
        {
            "number in article": 58,
            "reference": "Conner CM, Maddox BB, White SW. Parents' state and trait anxiety: relationships with anxiety severity and treatment response in adolescents with autism spectrum disorders. J Autism Dev Disord . 2013;43(8):1811-1818.  doi:10.1007/s10803-012-1728-0.  (R)"
        },
        {
            "number in article": 59,
            "reference": "Foley BE, Staples AH. Developing augmentative and alternative communication (AAC) and literacy interventions in a supported employment setting. Top Lang Disord . 2003;23(4):325-350.  (C)"
        },
        {
            "number in article": 60,
            "reference": "Knight V, McKissick BR, Saunders A. A review of technology-based  interventions to teach academic skills to students with autism spectrum disorder. J Autism Dev Disord . 2013;43(11):2628-2648.  doi:10.1007/s10803-013-1814-y.  (RV)"
        },
        {
            "number in article": 61,
            "reference": "Kover ST, McDuffie AS, Hagerman RJ, Abbeduto L. Receptive vocabulary in boys with autism spectrum disorder: cross-sectional  developmental trajectories. J Autism Dev Disord. 2013;43(11):2696-2709.  doi:10.1007/s10803-013-1823-x.  (R)"
        },
        {
            "number in article": 62,
            "reference": "Sowden H, Clegg J, Perkins M. The development of co-speech  gesture in the communication of children with autism spectrum disorders. Clin Linguist Phon . 2013;27(12):922-939.  doi:10.3109/02699206.2013.818715. (R)"
        },
        {
            "number in article": 63,
            "reference": "Lorah ER, Tincani M, Dodge J, Gilroy S, Hickey A, Hantula D. Evaluating picture exchange and the iPad\u2122 as a speech generating device to teach communication to young children with autism. J Dev Phys Disabil . 2013;25(6):637-649.  (R)"
        },
        {
            "number in article": 64,
            "reference": "Anson D. Assistive Technology. In: Pendleton HM, Schultz-Krohn  W, eds. Pedretti\u2019s Occupational Therapy: Practice Skills for Physical Dysfunction . 8th ed. Philadelphia, PA: Elsevier Saunders; 2018:415-434.  (GI)"
        },
        {
            "number in article": 65,
            "reference": "Gevarter C, O'Reilly MF, Rojeski L, et al. Comparing acquisition of AAC-based  mands in three young children with autism spectrum disorder using iPad applications with different display and design elements. J Autism Dev Disord . 2014;44(10):2464-2474.  doi:10.1007/s10803-014-2115-9.  (R)"
        },
        {
            "number in article": 66,
            "reference": "Banda DR, Griffin-Shirley  N, Okungu PA, Ogot OP, Meeks M. A Review of Intervention Studies Conducted with Individuals with Autism and Sensory Impairments. J Vis Impairment Blindness . 2014;108(4). (RV)"
        },
        {
            "number in article": 67,
            "reference": "Schlosser RW, Koul RK. Speech Output Technologies in Interventions for Individuals with Autism Spectrum Disorders: A Scoping Review. Augment Altern Commun . 2015;31(4):285-309.  doi:10.3109/07434618.2015.1063689. (RV)"
        }
    ]
}