{
    "metadata": {
        "title": "Osteoarthritis, Hand  Physical and Occupational Therapy",
        "synonyms": [
            "osteoarthrosis, hand  physical and occupational therapy",
            "degenerative joint disease, hand: physical and occupational therapy",
            "arthritis, osteo, hand: physical and occupational therapy",
            "hypertrophic arthritis, hand: physical and occupational therapy",
            " degenerative arthritis, hand: physical and occupational therapy",
            "hand osteoarthritis: physical and occupational therapy",
            "physical and occupational therapy: hand osteoarthritis",
            " occupational and physical therapy: hand osteoarthritis",
            "osteoarthrosis, hand: physical and occupational therapy",
            "degenerative joint disease, hand: physical and occupational therapy",
            " arthritis",
            "osteo",
            "hand: physical and occupational therapy"
        ],
        "anatomical location body part affected": [
            "Hand/wrist, fingers, and thumb"
        ],
        "area of specialty": [
            "orthopedic rehabilitation",
            "geriatric rehabilitation",
            "hand therapy"
        ],
        "description": [
            "Osteoarthritis (OA) is a progressive and degenerative joint disease. It is the most common cause of joint impairment in persons over age 50 and increases in prevalence with age.(1,6) There is X-ray  evidence of some OA in nearly all persons over age 65, even if not clinically evident(1,6)",
            "OA is characterized by the loss of articular cartilage and reactive changes in the joint margins and the subchondral bone.(1) It is a spectrum of disease, caused by a combination of genetic, metabolic, mechanical, and biochemical factors that impact the joint and surrounding tissue(5)",
            "Hand OA may involve any or all of the following joints \u2013Trapeziometacarpal (basilar or TMC) joint/carpometacarpal (CMC) joint of the thumb: located at the base of the thumb(2,3,4) \u2013Distal interphalangeal (DIP) joint: the finger joint closest to the fingertip(2,3,4) \u2013Proximal interphalangeal (PIP) joint: the middle joint of the finger(2,3,4) \u2013The thumb CMC joint is more often involved than other CMC joints and the intercarpal joints(5,6)",
            "American College of Rheumatology criteria for the classification of hand OA \u2013Hand pain, aching, or stiffness and at least three of the following:(2) -Hard tissue enlargement of 2 or more of 10 selected joints(2) -Hard tissue enlargement of 2 or more DIP joints(2) -Fewer than 3 swollen metacarpophalangeal (MCP) joints(2) -Deformity of at least 1 of 10 selected joints(2) _ _ Joint protection programs/education _ _ Energy-conservation strategies _ _ Environmental modifications _ _ See Treatment summary , aboveInitially, break ADL/ IADL tasks down into separate parts; with increased patient tolerance, have the patient perform progressively longer segments of each ADL/ IADL task at a timeUse same principles of task analysis and simplification to address other ADL/ IADL issues at home  Reduced hand/DIP joint/PIP joint/CMC joint of the thumb/wrist ROM and/or strengthIncrease and/or maintain hand/DIP joint/PIP joint/CMC joint of the thumb/wrist ROM and/or strengthFunctional training _ Hand exercise program _ _ Gentle AROM and/or PROM to the point of pain with gentle to no stretch depending on the individual patient _ _ Educate the patient regarding proper positioning and joint protection strategies _ _ Physical agents and mechanical modalities _ Cryotherapy _ _ Thermotherapy _ _ Hand splinting _ _ See Treatment summary , aboveGradual progression of intensity of exercises; increase the resistance, frequency, and/or duration of each exercise as the patient\u2019s strength increases; active- assisted ROM and strengthening exercises are progressed as toleratedExercise programs can be performed at home according to the treating therapist\u2019s discretion. Caution patient to decrease intensity or discontinue exercises at home if they are exacerbating symptoms Reduced functional mobility; reduced community mobilityIncrease functional mobility at home and within the community settingFunctional training _ Functional transfer training with assistive devices as appropriate _ _ Joint protection strategies _ _ Energy-conservation strategies _ _ See Treatment summary , aboveProgression will vary between patients based on the interventions selected and the response to treatment tasks _ _ Gradual progression of intensity of exercises; increase the resistance, frequency, and/or duration of each exercise as the patient\u2019s strength increases; active- assisted ROM and strengthening exercises are progressed as toleratedProvide patient and family/ caregivers with written instructions regarding functional activities that can be performed at home and correct use and/ or application of equipment .  Desired Outcomes/Outcome Measures"
        ],
        "indications": [],
        "ICD-9 codes": {},
        "ICD-10 codes": {
            "M15": {
                "base": "polyosteoarthritis",
                "M15.0": "primary generalized osteoarthritis",
                "M15.1": "Heberden's nodes (with arthropathy)",
                "M15.2": "Bouchard's nodes (with arthropathy)",
                "M15.3": "secondary multiple osteoarthritis",
                "M15.4": "erosive (osteo)osteoarthritis",
                "M15.8": "other polyosteoarthritis",
                "M15.9": "polyosteoarthritis, unspecified"
            },
            "M18": {
                "base": "osteoarthritis of first carpometacarpal joint",
                "M18.0": "primary osteoarthritis of first carpometacarpal joints, bilateral",
                "M18.1": "osteoarthritis of first carpometacarpal joint, unilateral",
                "M18.2": "post-traumatic osteoarthritis of first carpometacarpal joints, bilateral",
                "M18.3": "other post-traumatic osteoarthritis of first carpometacarpal joint; post-traumatic osteoarthritis of first",
                "carpometacarpal": " carpometacarpal joint: NOS, unilateral",
                "M18.4": "other secondary osteoarthritis of first carpometacarpal joints, bilateral",
                "M18.5": "secondary osteoarthritis of first carpometacarpal joint, unilateral",
                "M18.9": "osteoarthritis of first carpometacarpal joint, unspecified"
            },
            "M19": {
                "base": "other and unspecified osteoarthritis",
                "Optional": "subclassification codes to indicate site of involvement for M19 codes",
                "4": " 4 hand (e.g., M19.04 primary osteoarthritis, hand)",
                "M19.0": "primary osteoarthritis of other joints",
                "M19.1": "post-traumatic osteoarthritis of other joints",
                "M19.2": "other secondary osteoarthritis",
                "M19.9": "osteoarthritis, unspecified site"
            }
        },
        "ICD-11": {},
        "G-codes": {},
        "CPT codes": {},
        "HCPCS codes": {},
        "reimbursement": [
            "Reimbursement for therapy will depend on insurance contract coverage; no specific special agencies are applicable for this condition. No specific issues or information regarding reimbursement has been identified",
            "Presentation/signs and symptoms \u2013Signs -The involved digits with OA vary. Some patients may have single joint (e.g., 1st CMC) involvement and some have multiple joint involvement (e.g., all DIP joints) -Bony enlargements at the DIP and PIP joints(1,3,4,7) -Heberden\u2019s nodes can occur in the DIP joints(1,3,7) -Bouchard\u2019s nodules can occur in the PIP joints(1,3,7) -Reduced ROM and strength -Decreased ROM, sometimes with pain at end range(1,3,7) -Weakness and atrophy of muscles acting on the involved joint(s)(1) -Crepitus can occur as a late sign(1,3,7) -Joint swelling and tenderness, not always present in OA, can occur along the joint margin if synovitis is present(1,4,7) \u2013Symptoms -History of increased joint pain(1) -Pain that occurs after the use of a joint and increases over the course of the day(1,8) -Stiffness of less than 30 minutes duration (e.g., after prolonged disuse, with first use in the morning)(1,8) \u2013Systemic signs and symptoms are absent in persons with hand OA(5)  Causes, Pathogenesis, & Risk Factors"
        ],
        "presentation signs and symptoms": [
            "\u2013Signs -The involved digits with OA vary. Some patients may have single joint (e.g., 1st CMC) involvement and some have multiple joint involvement (e.g., all DIP joints) -Bony enlargements at the DIP and PIP joints(1,3,4,7) -Heberden\u2019s nodes can occur in the DIP joints(1,3,7) -Bouchard\u2019s nodules can occur in the PIP joints(1,3,7) -Reduced ROM and strength -Decreased ROM, sometimes with pain at end range(1,3,7) -Weakness and atrophy of muscles acting on the involved joint(s)(1) -Crepitus can occur as a late sign(1,3,7) -Joint swelling and tenderness, not always present in OA, can occur along the joint margin if synovitis is present(1,4,7) \u2013Symptoms -History of increased joint pain(1) -Pain that occurs after the use of a joint and increases over the course of the day(1,8) -Stiffness of less than 30 minutes duration (e.g., after prolonged disuse, with first use in the morning)(1,8) \u2013Systemic signs and symptoms are absent in persons with hand OA(5)  Causes, Pathogenesis, & Risk Factors"
        ],
        "contraindications precautions to test": [
            "Palpation over joints should be gentle and repeated as few times as possible",
            "The patient\u2019s pain level should be respected. Activity should stop when the patient feels intolerable hand pain, fatigue, or discomfort",
            "Note the most recent administration of pain and/or anti-inflammatory medications, as this can impact the level of function"
        ],
        "psychometric properties": [],
        "potential complications adverse effects": [],
        "test preparation materials required": [],
        "test procedure": [],
        "test scoring interpretation": []
    },
    "causes & risk factors": {
        "causes:  two forms of oa,primary and secondary ,": [
            "Primary: Idiopathic, but usually associated with aging and overuse.(2,3) Classified according to clinical presentation(1)\u2013Localized: the most common subtype in hand OA\u2013Generalized: multiple major joints are affected (e.g., knee, hip, and hand)\u2013Erosive: a more severe subtype",
            "Secondary:due to any of the following\u2013Trauma(1,5)\u2013Childhood anatomic abnormalities(1,5)\u2013Inheritable metabolic disorders (e.g., Wilson\u2019s disease, alkaptonuria, hemochromatosis)(1,5)\u2013Neuropathic arthropathy(1)\u2013Hemophilic arthropathy(1)\u2013Endocrine disorders (e.g., hyperparathyroidism, hypothyroidism)(1,5)\u2013Paget\u2019s disease(1,5)\u2013Noninfectiou inflammatory arthritis (e.g., rheumatoid arthritis [RA], spondyloarthropathies)(1,5)-For additional information on RA, see the series of Clinical Reviews  on this topic\u2013Gout or pseudogout(1)\u2013Septic or tuberculous arthritis(1,5)\u2013History of surgery on the joint(2)\u2013Calcium deposition(5)"
        ],
        "pathogenesis": [
            "Joint cartilage loses elasticity and breaks down, causing friction between the bones, resulting in pain and stiffness.(2,3) Bonemarrow lesions (BMLs) may result due to the loss of cartilage; and the bone may thicken and/or form cysts or osteophytes(bone spurs).(2,3) Sometimes small pieces of the bone or cartilage detach and move as loose bodies in the joint space(2)",
            "Although OA previously was thought to be a noninflammatory disease, the lining of the joint (synovium) can becomeinflamed in OA and create cytokines (inflammatory proteins), which further damage cartilage.(2,3,6) Inflammation ispresent in most patients with symptomatic OA.(6) Joint involvement in OA is typically asymmetrical(5)",
            "Pathological findings of the bone in OA\u2013Patchy cartilage damage and bony hypertrophy seen macroscopically(1)\u2013Edema of the extracellular matrix and cartilage microcracks(1)\u2013Fissuring and pitting (BMLs) of the subchondral bone(1)\u2013Erosion and osteocartilaginous loose bodies(1)\u2013Subchondral bone trabecular microfractures and sclerosis with osteophyte formation(1)\u2013Degradation response produced by release of proteolytic enzymes, collagenolytic enzymes, prostaglandins, and immuneresponse(1)",
            "The diagnosis of erosive OA of the hand is made based on presence of central erosions and collapse of the subchondralbone plate on radiographs of the interphalangeal joints. Individuals with erosive OA of the hand often experience greaterpain, increased functional limitations, and worse hand mobility than those with localized hand OA(22)"
        ],
        "risk factors": [
            "Age (increased risk after age 50)(1,2,5)",
            "Obesity/excessive visceral adipose tissue(1,3,5,7)",
            "Prolonged occupational or sports joint stress(1)",
            "Injury to a joint due to trauma, surgery, infection, or inflammatory arthritis(1,2)",
            "Sex (female sex is associated with increased risk of OA of the hand, especially after menopause)(1,2,5)",
            "Genetic predisposition(1,2,5,7)",
            "Inherited bone abnormalities or inherited traits (e.g., dysplasia, misalignment)(2)",
            "High bone density(5,7)",
            "Nutritional deficiencies (e.g., vitamin D deficiency)(7)",
            "Geographic location/climatic factors (specifically altitude, latitude, annual precipitation, mean temperature in the summer,and mean day duration in the winter) may be associated with increased symptoms.(9) However, researchers assessingthe impact of climate on exacerbations of pain in patients with knee OA found no correlation between climate changes(temperature, relative humidity, pressure, precipitation) and exacerbation of knee pain(41)"
        ]
    },
    "indications for procedure": [],
    "overall contraindications precautions": [
        "Special considerations required to most effectively evaluate and treat the patient with OA include increased awareness of pain, joint stiffness and deformity, and coping strategies",
        "See specific  Contraindications/precautions to examination   and  Contraindications/precautions   under Assessment/"
    ],
    "contraindications precautions to procedure": {},
    "guidelines for use of procedure": {},
    "examination": {
        "contraindications precautions to examination": [
            "Palpation over joints should be gentle and repeated as few times as possible",
            "The patient\u2019s pain level should be respected. Activity should stop when the patient feels intolerable hand pain, fatigue, or discomfort",
            "Note the most recent administration of pain and/or anti-inflammatory medications, as this can impact the level of function 28 to 20(36) -Medications for current illness/injury: Determine what medications physician has prescribed; are they being taken? Are they effectively controlling symptoms? -Common medications for pain/inflammation used by persons with hand OA -Acetaminophen up to 1,000 mg,4 times daily(1,3,6)  -Topical NSAIDs are often a primary method of treatment(1,3) -If acetaminophen and topical NSAIDs are not effective, an oral NSAID such as a COX-2  inhibitor may be trialed(1,10) -Intraarticular injections of corticosteroids may be used as an adjunct to core treatment for relief of moderate to severe pain when oral medications fail(6,10) -Novel therapeutic approaches such as disease-modifying  drugs for OA are in the investigational stage. Sufficient data regarding efficacy and long-term  outcomes are lacking on these(6) -Diagnostic tests completed: Usual tests for this condition are the following: -Imaging(3) -X-rays  are usually normal in the early stages of OA, but as the disease progresses changes such as narrowed, asymmetrical joint space, osteophyte and/or cyst formation, and/or subchondral bony sclerosis can be observed(1) -If OA is associated with inflammation (particularly erosive OA), erosions can show on the surface of the PIP and DIP joints on X-ray(1) -X-ray  radiographs have been the standard imaging method for diagnosing hand OA and detecting osteophytes. Ultrasound and MRI have been found to be more sensitive, especially in the early stages of OA.Hybrid techniques (e.g., PET/MRI or PET/CT) are being explored for use in research activities.(42)Several radiographic scoring systems have been used to assess hand OA -Authors of two longitudinal MRI studies in Norway on the progression of hand OA found that incident joint tenderness was associated with increasing synovitis and BMLs, and that such MRI findings predict the development of erosions(37,38) -Joint aspiration -Sometimes used to distinguish OA from chronic inflammatory/RA(1) -In OA, the white blood cell (WBC) count is usually less than (<) 500 cells/mm3, with predominantly mononuclear cells; whereas in RA, WBC count is usually more than (>) 2,000 cells/mm3, with predominantly neutrophils(1) -Laboratory tests are usually not helpful in initial diagnosis but may be useful for monitoring kidney and GI function in patients taking NSAIDs(1) -Home remedies/alternative therapies:  Document any use of home remedies (e.g., ice or heating pack) or alternative therapies (e.g., acupuncture) and whether they help -Oral or topical capsaicin is sometimes effective for pain relief in hand OA(1) -Evidence is lacking on the safety and efficacy of supplements for reducing symptoms of OA. However,individuals with OA commonly use supplements, including glucosamine and chondroitin sulfate(1,6,10) -Previous therapy:  Document whether the patient has had occupational or physical therapy for this or other conditions and what specific treatments were helpful or not helpful \u2013Aggravating/easing factors  (and length of time each item is performed before the symptoms come on or are eased) -Is pain relieved with rest? Heat? Cold?(1) \u2013Body chart: Use body chart to document location and nature of symptoms -Note which joints are involved in the hand and throughout the body(1) \u2013Nature of symptoms: Document nature of symptoms (e.g., constant vs intermittent, sharp, dull, aching, burning, numbness, tingling) \u2013Rating of symptoms: Use a visual analog scale (V AS) or 0 to 10 scale to assess symptoms at their best, at their worst, and at the moment (specifically address if pain is present now and how much) -Pain is usually present in patients with hand OA.On a 0 to 100 mm V AS, pain is typically equal to or more than (\u2265) 40 mm(1) -In early stages of hand OA, pain is often gradual in onset, intermittent, and mild; pain intensity and frequency increase as the disease progresses(5) \u2013Pattern of symptoms: Document changes in symptoms throughout the day and night, if any (a.m., mid-day,  p.m., night); also, document changes in symptoms due to weather or other external variables \u2013Sleep disturbance: Document number of awakenings/night related to this condition  \u2013Other symptoms: Document other symptoms patient may be experiencing that could exacerbate the condition and/or symptoms that could be indicative of a need to refer to physician (e.g., dizziness; red, inflamed joints; excessive swelling) \u2013Barriers to learning -Are there any barriers to learning? Yes__ No__ -If Yes, describe _________________________",
            "Medical history \u2013Past medical history -Previous history of same/similar diagnosis: Any history of prior hand dysfunction or surgery, or injury to the hand? -Does the patient have OA of any other joints in the body? -Authors of a study in the United States found that progression of hand OA was greater in patients with more joints affected(26) -Comorbid diagnoses:  Ask the patient about other problems, including diabetes, cancer, heart disease, complications of pregnancy, psychiatric disorders, and orthopedic disorders -Authors of a study in the United States found that upper-extremity  comorbidities worsened self-rated  hand function in patients with symptomatic TMC arthritis(30) -Medications previously prescribed: Obtain a comprehensive list of medications prescribed and/or being taken (including OTC drugs) -Other symptoms:  Ask the patient about other symptoms he or she may be experiencing",
            "Social/occupational history \u2013Patient\u2019s goals:  Document what the patient hopes to accomplish with therapy and in general \u2013Vocation/avocation and associated repetitive behaviors, if any -What are the patient\u2019s occupations and role(s) within his or her family?(8) -Document any daily occupations that involve repetitive use of the joints in the hand (e.g., twisting knobs, typing, knitting/crocheting) -Is patient currently employed? If so, is he or she planning to return to work? -What activities, hobbies, etc., does the patient enjoy?(8) \u2013Functional limitations/assistance with ADLs/adaptive equipment: What current assistive or adaptive equipment is available to the patient at home? Can it still be used based on the patient\u2019s current level of functioning? -Document both high-  and low-tech  adaptations and equipment -Document functional and participation limitations. Hand OA may limit the patient\u2019s participation in everyday activities(21) -It is important to consider the patient\u2019s view of his or her participation in ADLs, IADLs, functions of a job, and activities of leisure. For example, a patient with hand OA might switch from a weekly golf outing to a weekly happy hour at the bar; however, is the substituted activity/participation as satisfying or healthy for the patient? -If the patient\u2019s participation in previously enjoyable activities (or those required by a job or self-care)  is not satisfactory, a therapy goal should be increased/improved participation in enjoyable activities \u2013Living environment: Stairs, number of floors in home, with whom the patient lives, caregivers, etc. -Identify the patient\u2019s caregiver or network of support(8) -Identify if there are barriers to independence in the home; any modifications necessary?(8)"
        ],
        "history": {
            "history of present illness": {
                "mechanism of injury or etiology of illness": "Review the medical chart or interview the patient for pertinent information,When was hand OA diagnosed? Which joints are involved? Are other joints of the body also affected? Does the patient have primary or secondary OA? What is the reason for the current referral for hand therapy?(8)How have symptoms progressed since onset?",
                "course of treatment": {
                    "medical management": "Document medical and/or surgical interventions for OA to date, including any prior braces or splints/orthoses that the patient has worn Conservative treatment usually includes a splint/orthosis, cortisone injections, and NSAIDs(1) Authors of a small study (N = 10 patients with TMC hand OA) in Germany found that intraarticular injection of plateletrich  plasma reduced hand pain and improved the Mayo Wrist score at 6months follow-up.  Handgrip strength did not change;however, pinch grip strength was significantly reduced(35) Surgery is sometimes indicated for advanced OA (e.g., osteotomy, debridement, removal of loose bodies, joint replacement, joint fusion)(1,8) DIP joint arthrodesis can relieve pain, correct deformity, and resolve joint instability in DIP joints that do not respond to medication and splinting(4) For the PIP joint, pain is the primary indication for surgery; implant arthroplasty can relieve pain and retain motion in the fingers(4) For the thumb CMC joint, a hand-based  thumb splint/orthosis with the IP joint of the thumb and fingers left free can be used. There are a variety of styles of prefabricated and customfabricated orthoses that are available to treat thumb CMC arthritis. Surgery may be indicated for persistent, unresponsive pain(4) Authors of a prospective, follow-up  study (N = 33 of patients who had received surgery for thumb CMC hand OA) in Norway found that 11 to 14 years after surgery thumb mobility was maintained (except for abduction), key pinch strength had declined, and the median Disabilities of the Arm, Shoulder and Hand (DASH) score had improved from",
                    "surgical management": [],
                    "medications": "",
                    "diagnostic tests completed": [],
                    "alternative therapies": "",
                    "previous therapy": ""
                },
                "aggravating easing factors": "",
                "body chart": "",
                "nature of symptoms": "",
                "rating of symptoms": "",
                "pattern of symptoms": "",
                "sleep disturbance": "",
                "other symptoms": "",
                "respiratory status": ""
            },
            "medical history": {
                "past medical history": {
                    "previous history of same similar diagnosis": "",
                    "comorbid diagnoses": "",
                    "medications previously prescribed": "",
                    "other symptoms": ""
                }
            },
            "social and occupational history": {
                "patient\u0432\u0402\u2122s goals": "",
                "vocation avocation and associated repetitive behaviors, if any": "",
                "functional limitations assistance with ADLs adaptive equipment": "",
                "living environment": ""
            }
        },
        "relevant tests and measures": {
            "general": "(While tests and measures are listed in alphabetical order, sequencing should be \u203aRelevant tests and measures: (While tests and measures are listed in alphabetical order, sequencing should be appropriate to patient medical condition, functional status, and setting.)",
            "anthropometric characteristics": "Note BMI(5)",
            "assistive and adaptive devices": "Assess the patient\u2019s need for and/or use of assistive and adaptive devices(8) -Grip strength, pinch strength, and overall muscle strength(8) -Extent of joint involvement, including ROM, pain, and deformities(8)  -Patient\u2019s personal preferences and willingness/readiness to use a specific device(8) -Cost; patient\u2019s ability to afford the device(8) \u2013Devices frequently incorporated into therapy and/or daily life for individuals with hand OA -Reachers; long-handled  equipment(8) -Shoehorn(8) -Elastic shoelaces(8) -Dressing sticks; sock aids(8) -Lightweight or large-handled  eating utensils(8) -Adaptive writing instruments(8) -Adaptive kitchen and cooking equipment(8) -Adaptive/ergonomic computer/mouse/keyboard(8) -Text-to-speech  software(8) -Electric scissors or can openers(8) -Belted waist pack instead of handbag(8) -Car door opener(8) -Multipurpose knob turner(8) -Button hook/zipper pull",
            "balance": "Evaluate static and dynamic balance functionally during ADL tasks involving weight shifting. Consider using \u2013Tinetti Balance Scale \u2013Berg Balance Scale",
            "cardiorespiratory function and endurance": [
                "Refer to physician orders regarding any cardiac and exercise limitations",
                "Assess heart rate (HR), blood pressure (BP), and respiratory rate regularly pre/during/post activity; use Borg RPE Scale if indicated",
                "Monitor breathing to assist in determining fatigue and endurance levels"
            ],
            "circulation": "Assess pulse bilaterally; note any discrepancies or abnormalitiesIf significant swelling is noted in the hand and/or wrist, take measurements and document volume/circumferenceBed mobility and transfers should be assessed to determine the amount of assistance needed for the patient to perform each activity \u2013Test static and dynamic activitiesa measurement of mobility; includes tasks such as standing from a seating position, walking, turning, stopping, and sitting down, all of which are important for independent mobilityan 18-item,  7-level  ordinal scale assessing functional mobility, ADLs, language skills, and cognition",
            "functional mobility": "",
            "gait locomotion": "Observe the patient\u2019s gait and ability to climb stairs (assisted or unassisted)(5) \u2013Note use of braces or ambulatory aids for walking -Is the patient able to use the affected hand for support during walking tasks, if needed?Assess and document integrity, stability, mobility, and deformity of the joints of the hand and wrist(5) \u2013Note the presence of joint deformities in the fingers(5,8) -Heberden\u2019s nodules can occur in the DIP joints(1,3,8) -Bouchard\u2019s nodules can occur in the PIP joints(1,3,8) \u2013When the CMC joint of the thumb is involved, there is pain and tenderness at the base of the joint; a squared appearance indicates subluxation of this joint(8) -swelling, heat, and/or redness (signs of inflammation)(8) -pain(8) -subluxation or dislocation(8)  -crepitus(8) -tendon rupture(8)Assess fine and gross motor function of the upper extremities and hands, as well as coordination; describe the quality of movement \u2013Observe manual dexterity; serial opposition or rapidly touching each finger to thumb in succession(8) -Motor Assessment Scale -Assesses motor function; includes disability and impairment measures; assessments include arm and hand movements, tone, and mobility -Arm Motor Ability Test (AMAT) -Evaluates arm functional ability and quality of movement; 28 tasks, including eating with a spoon, opening a jar, tying a shoelace, and using the telephone -Jebsen Test of Hand Function -Composed of 7 activities, including writing, turning over stacked index cards, simulated eating, moving empty and weighted cans, and picking up small objects -DASH Outcome Measure -30-item,  self-report  questionnaire designed to measure physical function and symptoms in individuals with musculoskeletal disorders of the upper extremity -For more information on the DASH, see  Clinical Review ... Disabilities of the Arm, Shoulder and Hand (DASH) Outcome Measure  ; CINAHL Topic ID Number T903177 The Moberg Pick-up  Test (MPUT)(34) Quick and inexpensive Involves the picking up, holding, manipulation, and identification of small objects \u20139-hole  peg test for fine motor control",
            "muscle strength": "Assess muscle strength \u2013Manual muscle testing (MMT) to evaluate strength in both upper extremities, including the shoulder, elbow, forearm, wrist, and fingers; do not perform MMT on muscles with contractures, abnormal tone, or coordination issues \u2013Assess grip force in functional tasks; use grasp meter/dynamometer if appropriate(8) \u2013Evaluate hand strength bilaterally; note any differences between the hands(8) -An adapted sphygmomanometer might be more comfortable than a standard dynamometer, but further study is required to establish reliability and norms(8) \u2013Pinch meter for pinch strength(8)",
            "observation inspection palpation including skin assessment": [
                "Note any signs of skin breakdown, especially if the patient wears a splint/orthosis",
                "Perception  (e.g., visual field, spatial relations) assess if deficits noted with initial interview",
                "Ocular motor screening includes tracking through all planes, visual accommodation, and clarity of vision -Document complaints of double vision, optic pain, or visual field cuts -Document use of eye patching",
                "Referral to ophthalmology or neuro-ophthalmology  is appropriate if symptoms of visual disturbances are noted during"
            ],
            "posture": "",
            "range of motion": "",
            "self-care activities of daily living": "",
            "reflex testing": "",
            "sensory testing": "",
            "special tests specific to diagnosis": "",
            "speech and language examination": "",
            "neurological examination": "",
            "oral structure and oral motor function": "",
            "perception": "",
            "arousal attention cognition": "Note the patient\u2019s ability to communicate and level of arousal as well as memory, attention, problem solving, and orientation to person, place, time, and situation \u2013A brief cognitive assessment such as the Mini-Mental  State Examination (MMSE) may be appropriate if deficits are suspected based on initial interview",
            "aac assessment": "",
            "swallow examination": "",
            "tracheostomy examination": ""
        }
    },
    "assessment plan of care": {
        "contraindications precautions": {
            "cryotherapy contraindications": [],
            "cryotherapy precautions": [],
            "contraindications precautions": [
                "Raynaud\u2019s syndrome",
                "Medical instability ",
                "Cryoglobulinemia",
                "Cold urticaria",
                "Paroxysmal cold hemoglobinuria",
                "Avoid applying cold over superficial nerves, areas of diminished sensation or with poor circulation, or slow-healing wounds",
                "Use caution with patients who are hypertensive, as cold can cause a transient increase in BP; discontinue treatment if there is an elevation in BP",
                "Use caution in patients who are hypersensitive to cold",
                "Avoid aggressive treatment with cold modalities over an acute wound",
                "Use of cryotherapy in patients who have an aversion to cold may be counterproductive if being used to promote muscle relaxation and decrease pain",
                "Decreased circulation",
                "Decreased sensation",
                "Presence of DVT",
                "Acute/subacute traumatic and inflammatory conditions",
                "Impaired cognition",
                "Malignant tumors",
                "Tendency for hemorrhage or edema",
                "Very young or old individuals",
                "Stimulation through or across the chest",
                "Cardiac pacemakers",
                "Implanted stimulators",
                "Over carotid sinuses",
                "Uncontrolled hypertension/hypotension",
                "Peripheral vascular disease",
                "Thrombophlebitis",
                "Pregnancy",
                "Over phalangeal area",
                "Diminished sensation",
                "Acute inflammation",
                "Seizure history",
                "Confused patients",
                "Immature patients",
                "Obesity",
                "Osteoporosis",
                "Used in close proximity to diathermy treatment",
                "Do not use laser with pregnant women, patients with epilepsy, or patients with infections",
                "Do not use over the unclosed fontanelles of children",
                "Do not use over cancerous lesions, the mediastinum, areas of impaired sensation, sympathetic ganglia, the vagus nerve, the gonads, the cornea, endocrine glands, or hemorrhaging lesions",
                "Goggles with an appropriate optical density rating should be worn by the patient",
                "Osteoporosis",
                "Acute inflammation",
                "DVT "
            ],
            "superficial heat is contraindicated with": [],
            "electrotherapy contraindications precautions include": [],
            "other": [
                "Only those contraindications/precautions applicable to this diagnosis are mentioned below, including with regard to modalities. Rehabilitation professionals should always use their professional judgment",
                "Patients with this diagnosis are at risk for falls; follow facility protocols for fall prevention and post fall-prevention instructions at bedside, if inpatient. Ensure that patient and family/caregivers are aware of the potential for falls and educated about fall-prevention  strategies. Discharge criteria should include independence with fall-prevention strategies",
                "Clinicians should follow the guidelines of their clinic/hospital and what is ordered by the patient\u2019s physician. The summary presented below is meant to serve as a guide, not to replace orders from a physician or a clinic\u2019s specific protocols",
                "Excessive exercises aimed at achieving full flexion and opposition of the thumb can result in increased subluxation and pain in unstable joints; proceed with caution during pinch/grip strengthening exercises in patients with thumb CMC arthritis(28)",
                "Cryotherapy  contraindications(16)",
                "Cryotherapy  precautions(16)",
                "Superficial heat  contraindications(16)",
                "Electrotherapy contraindications/precautions (in some cases, when approved by the treating physician , electrotherapy may be used under some of the circumstances listed below when benefits outweigh the perceived risk)(16)",
                "Low-level  laser therapy (LLLT)  contraindications(16)",
                "LLLT  precautions(16)",
                "Manual therapy  precautions/contraindications (may vary according to technique)",
                "Modify therapeutic exercises to allow the patient to adapt for severe functional limitations (e.g., frailty, easy fatigability, poor balance/coordination with increased fall risk)"
            ]
        },
        "diagnosis need for treatment": "Hand OA/comprehensive hand therapy is essential to reduce disability in ADLs and IADLs associated with hand pain and dysfunction",
        "rule out": "The individual\u2019s medical team will rule out other types of arthritis prior to diagnosing OA of the hand.(1) Other diagnoses to be ruled out include: neoplasm(5) osteomyelitis(5) occult fracture(5) aseptic necrosis(5) chondromalacia(5) soft tissue infection(5) bursitis(5) tendonitis(5) ligamentous injury(5) overuse injury(5) radiculopathy(5) neuropathy(5) polymyalgia rheumatica(5)",
        "prognosis": [
            "OA is progressive and there is no cure; however, both pharmacological and nonpharmacological treatments can improve function and reduce pain(5) \u2013In early stages, pain is usually relieved with rest, but in later stages pain may occur even at rest(1)",
            "Osteophyte formation may occur as the OA progresses, especially at the joint margins, and in advanced stages there is often full-thickness  loss of cartilage to the underlying bone(1)",
            "Advanced OA is associated with pain and disability. Long-term  use of medications for OA can lead to complications such as gastritis and renal insufficiency(1)",
            "Erosive OA is associated with a poorer prognosis than localized OA(22)"
        ],
        "referral to other disciplines": " Referral to other disciplines Physical therapist for ambulation, gait training, lower extremity strengthening/ROM program, especially if OA is also present in the joints of the lower extremities (hip, knee) Certified hand therapist (occupational therapist or physical therapist) Occupational therapist or orthotist for the fabrication of splints/orthoses, braces Wound care nurse or specialist if signs of pressure ulcers are present Case manager or social worker to address emotional, home, and/or equipment and financial needs and provide support Mental health professional if the patient presents with signs of depression or distress Pain specialist for intractable pain",
        "other considerations": [],
        "treatment summary": [
            "The goals of rehabilitation for individuals with hand OA are to decrease pain, increase mobility of the joint(s), prevent and correct deformity, slow the progression of the disease, and increase function in ADLs and IADLs(2)",
            "Authors of a 2018 systematic review of studies on conservative treatment for OA of finger joints found evidence that orthoses are effective for managing DIP involvement(19)",
            "Authors of a 2017 systematic review of exercise for hand OA found low-quality  evidence supporting the benefit of exercise on pain, functional use, and joint stiffness. They found few studies and the number of subjects was also small, leading to wide confidence intervals in the estimates of the clinical effectiveness of the interventions(17)",
            "Authors of a 2015 systematic review developed evidence-based recommendations for exercise in patients with hand OA and then conducted a cohort study(31)  \u2013An upper-extremity  exercise program was developed and reviewed by a local panel of clinical experts. These exercises were then trialed with a cohort of patients and control subjects. The final exercise program incorporated feedback from this cohort \u2013The main goals of their recommended exercise program are to increase hand ROM, improve grip and pinch strength, and increase CMC stability (if necessary) \u2013The exercise program components include -shoulder flexion and extension strengthening -biceps curls -serial opposition -resisted thumb abduction and extension -grip strengthening -finger stretching",
            "The European League Against Rheumatism (EULAR) 2007 evidence-based recommendations for the management of hand OA were updated in 2018 by a task force consisting of healthcare providers and patients. The guidelines include the following recommendations and overarching principles:(25) \u2013The goals of management include controlling symptoms (e.g., pain, stiffness) and maximizing function to improve engagement and QOL \u2013Education should be provided that includes information about OA and the course of the disease, self-management,  and options for treatment \u2013Optimal management of hand OA necessitates a combination of individualized pharmacological and nonpharmacological treatments provided by a multidisciplinary team \u2013Treatment of hand OA should be individualized and include shared decision-making  with respect to -type of OA (e.g., erosive, post-traumatic)  and severity -joints involved -risk factors -localization and severity of deformities -presence of inflammation -pain, disability, and QOL -comorbidities and other medications \u2013Education on joint protection strategies, ergonomics, energy conservation, use of assistive devices, and ROM/ strengthening exercises should be provided to all patients with hand OA \u2013Long-term  orthosis use for 1st CMC hand OA for symptom relief should be considered \u2013Use of topical treatments should be considered before systemic treatment. Use of oral analgesia (e.g., NSAIDs) should be for limited time periods \u2013Chondroitin sulfate may be useful for pain relief and to increase functional UE use \u2013Surgery may be appropriate for patients with continued pain with nonoperative treatment or structural abnormalities",
            "Physical and occupational interventions for individuals with hand OA include \u2013ADL/IADL training with assistive/adaptive equipment -Authors of an RCT in Norway found that persons with hand OA who were trained to use assistive technology had higher levels of satisfaction with the devices and performed significantly better in ADLs than those who were not trained to use assistive technology(18) \u2013Energy-conservation  techniques \u2013Joint protection -Authors of a 2018 systemic review found only very-low-quality  evidence comparing joint protection to usual care in the management of OA. Also, the changes in pain and functional use that were seen in these studies were too small to be clinically important. Other systematic reviews have reported that joint protection education is effective(40) -Joint protection strategies include(8) -Respect pain(8) -Maintain muscle strength(8) -Maintain joint ROM; use each joint in its most stable and anatomical/functional plane(8) -Avoid positions of deformity(8)  -Use the strongest joints possible for each task(8) -Ensure the correct pattern of movement in activities(8) -Avoid prolonged static positions(8) -Avoid participation in activities that can\u2019t be stopped immediately if they become too stressful(8) -Balance activity with adequate rest(8) -Reduce the force and effort used in all tasks (with assistive devices as needed)(8) \u2013Strengthening exercises(10) -Authors of a 2017 systematic review of exercise for hand OA found that evidence for exercises was low-qualityand showed small to moderate beneficial effects.(17)Similarly, authors of a 2016 critical narrative review found that evidence is lacking for recommending specific therapeutic strengthening exercises in hand OA(33) -Authors of a crossover randomized trial (N = 76 participants, 55 to 93 years old, with hand OA) in Australia found that a daily 16-week  home-based exercise program had no significant effect on hand function or hand pain, stiffness, dexterity, and strength compared to a placebo intervention that consisted of using nonmedicated moisturizing hand lotion applied once daily(12) -Hand exercise program consisted of 9 exercises that took 15 minutes to complete. Primary outcome measure was AUSCAN -Nine of 12 grip and pinch strength measures did show statistically significant improvements in the exercise group, versus no measures showing improvements in placebo group -Authors of an RCT(N = 80 female subjects with hand OA) in Norway found that a 3-month,  home-based  hand exercise program significantly improved activity performance, grip strength, pain, and fatigue compared to the control group(28) -Strengthening and ROM exercises used rubber balls and bands; each participant was instructed to perform the home exercise sessions 3 times per week (10 repetitions of each exercise for the first 2 weeks, 12 repetitions for the second 2 weeks, and 15 repetitions for the remainder of the study).Exercises were well-tolerated -Authors of a 2017 Cochrane review of 5 trials with meta-analysis  (381 participants with hand OA) found that those in exercise groups had a small reduction in hand pain of 5% (1% to 9%, 0 to 10 V AS) on follow-up  compared with the control groups. They rated the overall quality of evidence as low for beneficial effects of exercise on hand pain(32) \u2013Pain management with local heat or paraffin baths, cold, electromagnetic therapy, magnetotherapy, TENS as indicated(10,19) -Authors of a systematic review found evidence to support use of electromagnetic therapy, paraffin, and balneotherapy to decrease symptoms, including pain(19) -Authors of a systematic review and meta-analysis found \u201csilver-level\u201devidence  to support balneotherapy (i.e., use of mineral water, peloids, mud, and natural gases [carbon dioxide, hydrogen sulfide, radon] for medical interventions) alone or in combination with magnetotherapy to improve function and decrease symptoms in patients with hand OA(20) \u2013Environmental modifications(8) -Remove doors of cabinets or attach loops to cabinet door handles(8) -Replace doorknobs with lever handles(8) -Replace faucet handles with long-lever handles(8) -Use remote control devices or automatic on/off timers for electrical devices that use switches(8) -Use hands-free  speaker phone or Bluetooth(8) -Attach forearm and wrist supports to the computer(8) \u2013Patient and family education \u2013Education for self-management  of OA(19,25) -Self-management  strategies for persons with hand OA include exercising (ROM and strengthening exercises), topical management (e.g., heat/warmth, icing joints as needed), using splints, and using adaptive or assistive equipment \u2013Splinting/orthosis fabrication for the hand as indicated(4,10) -Use of a hand splint/orthosis to stabilize the CMC joint of the thumb in palmar abduction to balance forces on the unstable joint(8)  -Authors of a prospective, radiologist-blinded, nonrandomized, internally controlled trial (N = 26 persons with painful and deformed DIP joint hand OA) in the United Kingdom found that a custom nighttime splint of the DIP joint improved average pain and worst pain, as well as extension lag deformity(23) -For each subject, an intervention DIP joint and a control DIP joint were selected. Subjects wore a custom, thermoplastic gutter splint every night for 3 months on the intervention joint. Clinical and radiological assessments were taken at baseline and again at 3 and 6 months -At 3 months, average pain and worst pain in the intervention joint (but not the control joint) were both significantly improved compared to baseline. Additionally, extension lag deformity was significantly improved in intervention joints at 6 months compared to control joints. Compliance was good, as only 4 subjects reporting poor adherence to the wearing schedule; 3/4 of these subjects improved adherence following a splint adjustment at 6 weeks -Authors of an RCT (N = 25 patients with CMC hand OA) in Iran found that pain (V AS) decreased 20% in the group that wore a custom-made  orthosis for 4\u2009weeks, compared to a 3% reduction in the control group(39) . Problem Goal Intervention Expected Progression Home Program Pain and inflammation of the joints in the hand and wristDecrease pain and inflammation, if presentPhysical agents and mechanical modalities _ Rest and/or activity modification _ _ Cryotherapy _ _ Thermotherapy _ _ Hydrotherapy _ _ Balneotherapy _ _ Functional training _ Joint protection strategies _ Hand splinting _ _ See Treatment summary , aboveGradual progression of intensity of exercises, respecting the patient\u2019s pain levelProvide patient and caregiver with education regarding pain management at home  Impairment of ADLs/ IADLs due to reduced hand functionIncrease independence with ADLs/IADLs; increase safety and efficiency when performing ADLs/ IADLsFunctional training _ ADL/IADL training with assistive and adaptive equipment as indicated and appropriate _ _ Hand exercise program _ _ Hand splinting/orthosis"
        ]
    },
    "desired outcomes outcome measures": {
        "desired outcomes for hand therapy in patients with hand oa vary according to patient goals and characteristics. outcomes of the hand therapy should be measured during a reevaluation and at the conclusion of therapy": []
    },
    "maintenance or prevention": [
        "Early diagnosis of OA with early intervention and medications for pain management can help prevent secondary complications and disability(10)",
        "Maintaining the proper intake of vitamin D may prevent OA or slow its progression(3)",
        "Reducing impact and load on a joint affected by OA can reduce symptoms and slow worsening of disability(6)"
    ],
    "patient education": [
        "Information on hand osteoarthritis from the American Society of Hand Therapists (ASHT) at https://www.asht.org/sites/ default/files/docs/2016/Osteoarthritis%202016.pdf",
        "Provide patient with verbal and written information on the causes and pathogenesis of OA to increase his or her understanding of the disease and improve self-management(10)",
        "Information on disease and pain management is available from the Arthritis Foundation at https://www.arthritis.org/health-wellness/detail?content=healthyliving&filter=managingpain",
        "Information on OA is available from the Arthritis Foundation at https://www.arthritis.org/diseases/osteoarthritis  Coding Matrix References are rated using the following codes, listed in order of strength: MPublished meta-analysis SRPublished systematic or integrative literature review RCTPublished research (randomized controlled trial) RPublished research (not randomized controlled trial) CCase histories, case studies GPublished guidelinesRVPublished review of the literature RUPublished research utilization report QIPublished quality improvement report LLegislation PGRPublished government report PFRPublished funded reportPPPolicies, procedures, protocols XPractice exemplars, stories, opinions GIGeneral or background information/texts/reports UUnpublished research, reviews, poster presentations or other such materials CPConference proceedings, abstracts, presentation"
    ],
    "references": [
        {
            "number in article": 1,
            "reference": "Joyner PW. Osteoarthritis. In: Domino F, Baldor R, Golding J, Stephens M, eds. The 5-Minute Clinical Consult 2019 . 27th ed. Philadelphia: Wolters Kluwer; 2019:710-711.  (GI)"
        },
        {
            "number in article": 2,
            "reference": "Hsieh F, Watson CP, Mao HF. Rheumatologic rehabilitation. In: Cifu DX, ed. Braddom\u2019s Physical Medicine and Rehabilitation . 5th ed. Philadelphia, PA: Saunders Elsevier; 2016:666-668.  (GI)"
        },
        {
            "number in article": 3,
            "reference": "Hellmann DB, Imboden JB. Rheumatologic, immunologic, & allergic disorders. In: Papadakis MA, McPhee SJ, Rabow MW, eds. 2019 Current Medical Diagnosis & Treatment . 58th ed. New York, NY: McGraw-Hill  Education; 2018:840-841.  (GI)"
        },
        {
            "number in article": 4,
            "reference": "Papadopoulos DV, Bednar MS, Davidson A, Schmidt C. Hand surgery. In: McMahon PJ, Skinner HB, eds. Current Diagnosis & Treatment in Orthopedics . 6th ed. New York, NY: McGraw-Hill;  2021:464-527.  (GI)"
        },
        {
            "number in article": 5,
            "reference": "Blaustein D, Phillips E. Osteoarthritis. In: Frontera WR, Silver JK, Rizzo TD Jr, eds. Essentials of Physical Medicine and Rehabilitation: Musculoskeletal Disorders, Pain, and Rehabilitation . 4th ed. Philadelphia, PA: Elsevier; 2019:792-798.  (GI)"
        },
        {
            "number in article": 6,
            "reference": "Neustadt DH. Osteoarthritis. In: Bope ET, Kellerman R, eds. Conn's Current Therapy 2017 . Philadelphia, PA: Elsevier Saunders; 2017:856-860.  (GI)"
        },
        {
            "number in article": 7,
            "reference": "Dalal D. Osteoarthritis. In: Ferri FF, ed. 2019 Ferri's Clinical Advisor . Philadelphia, PA: Elsevier; 2019:987-988.  (GI)"
        },
        {
            "number in article": 8,
            "reference": "Crites A, Samuel PS. Rheumatoid arthritis and osteoarthritis. In: Dirette DP, Gutman SA, eds. Occupational Therapy for Physical Dysfunction . 8th ed. Philadelphia, PA: Wolters Kluwer; 2021:877-894.  (GI)"
        },
        {
            "number in article": 9,
            "reference": "Kalichman L, Korosteshevsky M, Batsevich V, Kobyliansky E. Climate is associated with prevalence and severity of radiographic hand osteoarthritis. Homo. 2011;62(4):280-287.  (R)"
        },
        {
            "number in article": 10,
            "reference": "National Clinical Guideline Centre. Osteoarthritis. Care and management adults . London, UK: National Institute for Health and Clinical Excellence (NICE); 2020. (G)"
        },
        {
            "number in article": 11,
            "reference": "Backman C, Mackie H. Arthritis hand function test: inter-rater  reliability among self-trained  raters. Arthritis Care Res . 1995;8(1):10-15.  (R)"
        },
        {
            "number in article": 12,
            "reference": "Bellamy N, Wilson C, Hendrikz J. Population-based  normative values for the Australian/Canadian (AUSCAN) Hand Osteoarthritis Index: part 2. Semin Arthritis Rheum . 2011;41(2):149-156.  (R)"
        },
        {
            "number in article": 13,
            "reference": "Allen KD, DeVellis RF, Renner JB, Kraus VB, Jordan JM. Validity and factor structure of the AUSCAN Osteoarthritis Hand Index in a community-based  sample. Osteoarthritis Cartilage. 2007;15(7):830-836.  (R)"
        },
        {
            "number in article": 14,
            "reference": "Meenan RF, Mason JH, Anderson JJ, Guccione AA, Kazis LE. AIMS2. The content and properties of a revised and expanded Arthritis Impact Measurement Scales Health Status Questionnaire. Arthritis Rheum . 1992;35(1):1-10.  doi:10.1002/art.1780350102. (R)"
        },
        {
            "number in article": 15,
            "reference": "Montero A, Mulero J-F, Tornero C, Guitart J, Serrano M. Pain, disability and health-related  quality of life in osteoarthritis-joint  matters: an observational, multi-specialty trans-national  follow-up study. Clin Rheumatol . 2016;35(9):2293-2305.  doi:10.1007/s10067-016-3248-3.  (R)"
        },
        {
            "number in article": 16,
            "reference": "Bellew JW, Michlovitz SL, Nolan TP, Jr. In: Michlovitz\u2019s Modalities for Therapeutic Intervention . 6th ed. Philadelphia, PA: F. A. Davis; 2016:42-44,  322-323. (GI)"
        },
        {
            "number in article": 17,
            "reference": "\u00d8ster\u00e5s N, Kjeken I, Smedslund G, et al. Exercise for hand osteoarthritis: a Cochrane systematic review. J Rheumatol . 2017;44(12):1850-1858.  doi:10.3899/jrheum.170424. (SR)"
        },
        {
            "number in article": 18,
            "reference": "Kjeken I, Darre S, Smedslund G, Hagen KB, Nossum R. Effect of assistive technology in hand osteoarthritis: a randomised controlled trial. Ann Rheum Dis . 2011;70(8):1447-1452.  (RCT)"
        },
        {
            "number in article": 19,
            "reference": "Beasley J, Ward L, Knipper-Fisher  K, Hughes K, Lunsford D, Leiras C. Conservative therapeutic interventions for osteoarthritic finger joints: A systematic review. J Hand Ther . 2019;32(2):153-164.e2.  doi:10.1016/j.jht.2018.01.001. (SR)"
        },
        {
            "number in article": 20,
            "reference": "Poletto E, Tinazzi I, Marchetta A, Smania N, Rossato E. Hand erosive osteoarthritis and distal interphalangeal involvement in psoriatic arthritis: the place of conservative therapy. J Clin Med . June 15, 2021;10(12):2630. doi:10.3390/jcm10122630. (SR)"
        },
        {
            "number in article": 21,
            "reference": "Bukhave EB, La Cour K, Huniche L. The meaning of activity and participation in everyday life when living with hand osteoarthritis. Scand J Occup Ther . 2014;21(1):24-30. doi:10.3109/11038128.2013.857428. (R)"
        },
        {
            "number in article": 22,
            "reference": "Perrotta FM, Scriffignano S, De Socio A, Lubrano E. An assessment of hand erosive osteoarthritis: correlation of radiographic severity with clinical, functional and laboratory findings. Rheumatol Ther . 2019;6(1):125-133.  doi:10.1007/s40744-019-0145-7.  (R)"
        },
        {
            "number in article": 23,
            "reference": "Watt FE, Kennedy DL, Carlisle KE, et al. Night-time  immobilization of the distal interphalangeal joint reduces pain and extension deformity in hand osteoarthritis. Rheumatology (Oxford). June 2014;53(6):1142-1149.  doi:10.1093/rheumatology/ket455. (R)"
        },
        {
            "number in article": 24,
            "reference": "Marks M, Audig\u00e9 L, Herren DB, Schindele S, Nelissen RG, Vliet Vlieland TP. Measurement properties of the German Michigan Hand Outcomes Questionnaire in patients with trapeziometacarpal osteoarthritis. Arthritis Care Res (Hoboken) . February 2014;66(2):245-252.  doi:10.1002/acr.22124. (R)"
        },
        {
            "number in article": 25,
            "reference": "Kloppenburg M, Kroon F, Blanco F, et al. 2018 update of the EULAR recommendations for the management of hand osteoarthritis. Ann Rheum Dis . 2018;78(1):16-24. doi:10.1136/annrheumdis-2018-213826.  (G)"
        },
        {
            "number in article": 26,
            "reference": "Snyder EA, Alvarez C, Golightly YM, Renner JB, Jordan JM, Nelson AE. Incidence and progression of hand osteoarthritis in a large community-based  cohort: the Johnston County Osteoarthritis Project. Osteoarthritis Cartilage . 2020;28(4):446-452.  doi:10.1016/j.joca.2020.02.028. (R)"
        },
        {
            "number in article": 27,
            "reference": "Kim SK, Jung UH, Choe JY. Functional index for hand osteoarthritis (FIHOA) is associated with pain, muscle strength, and EQ-5D in hand osteoarthritis. Adv Rheumatol . March 19, 2021;61(1):19. doi:10.1186/s42358-021-00177-5.  (R)"
        },
        {
            "number in article": 28,
            "reference": "Hennig T, H\u00e6hre L, Hornburg VT, Mowinckel P, Norli ES, Kjeken I. Effect of home-based  hand exercises in women with hand osteoarthritis: a randomised controlled trial. Ann Rheum Dis . March 25, 2014. doi:10.1136/annrheumdis-2013-204808.  (RCT)"
        },
        {
            "number in article": 29,
            "reference": "Chen CC, Palmon O, Amini D. Responsiveness of the Manual Ability Measure-36  (MAM-36):  changes in hand function using self-reported  and clinician-rated  assessments. Am J Occup Ther . March 2014;68(2):187-93.  doi:10.5014/ajot.2014.009258. (R)"
        },
        {
            "number in article": 30,
            "reference": "Calfee R, Chu J, Sorensen A, Martens E, Elfar J. What is the impact of comorbidities on self-rated hand function in patients with symptomatic trapeziometacarpal arthritis? Clin Orthop Relat Res . 2016;473(11):3477-3483.  doi:10.1007/s11999-015-4507-3.  (R)"
        },
        {
            "number in article": 31,
            "reference": "Kjeken I, Grotle M, Hagen KB, Osteras N. Development of an evidence-based  exercise programme for people with hand osteoarthritis. Scand J Occup Ther . 2015;22:103-116. doi:10.3109/11038128.2014.941394. (R)"
        },
        {
            "number in article": 32,
            "reference": "\u00d8ster\u00e5s N, Kjeken I, Smedslund G, et al. Exercise for hand osteoarthritis. Cochrane Database Syst Rev . January 31, 2017;Issue 1:CD010388.  (SR)"
        },
        {
            "number in article": 33,
            "reference": "Nguyen C, Lef\u00e8vre-Colau  MM, Poiraudeau S, Rannou F. Rehabilitation (exercise and strength training) and osteoarthritis: a critical narrative review. Ann Phys Rehabil Med . June 2016;59(3):190-195.  (RV)"
        },
        {
            "number in article": 34,
            "reference": "Silva PG, Jones A, Fernandes AD, Natour J. Moberg Picking-Up  Test in patients with hand osteoarthritis. J Hand Ther . Advance online publication. November 15, 2016;pii: S0894-1130(16)30145-4.  doi:10.1016/j.jht.2016.10.005. (R)"
        },
        {
            "number in article": 35,
            "reference": "Loibl M, Lang S, Dendl LM, et al. Leukocyte-reduced  platelet-rich  plasma treatment of basal thumb arthritis: a pilot study. Biomed Res Int . 2016;2016. doi:9262909. (R)"
        },
        {
            "number in article": 36,
            "reference": "Lied L, Bj\u00f8rnstad K, Woje AK, Finsen V. Abductor pollicis longus tendon interposition for arthrosis of the first carpo-metacarpal  joint. Long-term  results. BMC Musculoskelet Disord. February 1, 2016;17:50. (R)"
        },
        {
            "number in article": 37,
            "reference": "Haugen IK, Slatkowsky Christensen B, B\u00f8yesen P, Sesseng S, van der Heijde D, Kvien TK. Increasing synovitis and bone marrow lesions are associated with incident joint tenderness in hand osteoarthritis. Ann Rheum Dis . April 2016;75(4):702-708.  (R)"
        },
        {
            "number in article": 38,
            "reference": "Haugen IK, Slatkowsky Christensen B, B\u00f8yesen P, Sesseng S, van der Heijde D, Kvien TK. MRI findings predict radiographic progression and development of erosion in hand osteoarthritis. Ann Rheum Dis . April 2016;75(1):117-123.  (R)"
        },
        {
            "number in article": 39,
            "reference": "Arazpour M, Soflaei M, Ahmadi Bani M, et al. The effect of thumb splinting on thenar muscles atrophy, pain, and function in subjects with thumb carpometacarpal joint osteoarthritis. Prosthet Orthot Int . Advance online publication. September 19, 2016;pii: 0309364616664149. (R)"
        },
        {
            "number in article": 40,
            "reference": "Bobos P, Nazari G, Szekeres M, Lalone E, Ferreira L, MacDermid J. The effectiveness of joint-protection  programs on pain, hand function, and grip strength levels in patients with hand arthritis: A systematic review and meta-analysis.  J Hand Ther . 2019;32(2):194-211.  doi:10.1016/j.jht.2018.09.012. (SR)"
        },
        {
            "number in article": 41,
            "reference": "Ferreira M, Zhang Y, Metcalf B, et al. The influence of weather on the risk of pain exacerbation in patients with knee osteoarthritis \u2013 a case-crossover  study. Osteoarthr Cartilage. 2016;24(12):2042-2047.  doi:10.1016/j.joca.2016.07.016. (R)"
        },
        {
            "number in article": 42,
            "reference": "Hayashi D, Roemer FW, Guermazi A. Recent advances in research imaging of osteoarthritis with focus on MRI, ultrasound and hybrid imaging. Clin Exp Rheumatol . 2018;36 Suppl 114(5):43-52.  (RV)"
        },
        {
            "number in article": 43,
            "reference": "Lins L, Carvalho FM. SF-36 total score as a single measure of health-related  quality of life: Scoping review. SAGE Open Med . October 4, 2016;4:2050312116671725. doi:10.1177/2050312116671725. (RV)"
        }
    ]
}