{
    "metadata": {
        "title": "Dysphagia Assessment  Electromyography",
        "synonyms": [
            "swallowing disorder  electromyography",
            "deglutition disorder electromyography",
            "oral dysphagia: electromyography",
            "pharyngeal dysphagia: electromyography",
            "esophageal dysphagia: electromyography",
            "difficulty swallowing: electromyography",
            "dysphagia, oral: electromyography",
            "dysphagia, pharyngeal: electromyography",
            "dysphagia, esophageal: electromyography",
            "swallowing difficulty: electromyography",
            "electromyography: dysphagia assessment",
            "emg: dysphagia assessment"
        ],
        "anatomical location body part affected": [],
        "area of specialty": [
            "swallowing and swallowing disorders"
        ],
        "description": [
            "Electromyography (EMG) is a diagnostic test that measures the electrical activity within a muscle.(1) EMG is not able to determine whether a patient is aspirating, the effect of postural or food texture changes on the safety of swallowing, or the effectiveness of compensatory strategies. EMG is performed with a machine called an electromyograph, which records the muscle\u2019s electrical activity and produces a trace that can be analyzed and compared to normative data.(1,2) Needle EMG is performed with fine needle electrodes that are inserted into the muscles through the patient\u2019s skin. For the purpose of dysphagia assessment, needle EMG is performed on those muscles that are innervated by cranial nerves, such as the muscles of the tongue, larynx, and face.(1) Surface EMG (sEMG) utilizes electrodes that do not pierce the skin, and instead record electrical activity from the surface of the skin.(3) Kinesiologic EMG refers to an EMG study in which the patient performs functional tasks, such as swallowing, and can be combined with video recordings of movements of the jaws, tongue, and/or larynx in order to understand what functional movements are producing each specific electrical output(4)"
        ],
        "indications": [
            "An EMG study of swallowing might be indicated for patients with the following:",
            "Dysphagia without an underlying diagnosis(1,3)",
            "Dysphonia without an underlying diagnosis(1)",
            "Odynophagia (pain with swallowing)(3,5)",
            "Parkinsonian disorder in need of differential diagnosis(2)",
            "Suspected psychogenic or malingering dysphagia(3,6,7)"
        ],
        "ICD-9 codes": {},
        "ICD-10 codes": {},
        "ICD-11": {},
        "G-codes": {
            "Swallowing G-code Set": {
                "G8996": "Swallowing functional limitation, current status at time of initial therapy treatment/episode outset and reporting intervals",
                "G8997": "Swallowing functional limitation, projected goal status, at initial therapy treatment/outset and at discharge from therapy",
                "G8998": "Swallowing functional limitation, discharge status, at discharge from therapy/end of reporting on limitation"
            },
            "Other Speech Language Pathology G-code Set": {
                "G9174": "Other speech language pathology functional limitation, current status at time of initial therapy treatment/episode outset and reporting intervals",
                "G9175": "Other speech language pathology functional limitation, projected goal status at initial therapy treatment/outset and at discharge from therapy",
                "G9176": "Other speech language pathology functional limitation, discharge status at discharge from therapy/end of reporting on limitation"
            }
        },
        "CPT codes": {
            "95865": "Needle electromyography; larynx",
            "96002": "Dynamic surface electromyography, during walking or other functional activities, 1\u201312  muscles",
            "96003": "Dynamic fine wire electromyography, during walking or other functional activities, 1 muscle",
            "96004": "Physician review and interpretation of comprehensive computer based motion analysis, dynamic plantar pressure measurements, dynamic surface electromyography during walking or other functional activities, and dynamic fine wire electromyography, with written report "
        },
        "HCPCS codes": {},
        "reimbursement": [
            "Reimbursement for this procedure will depend on insurance contract coverage; no specific special agencies are applicable for this procedure Indications for procedure"
        ],
        "presentation signs and symptoms": [],
        "contraindications precautions to test": [
            "Skin must be cleaned and shaved prior to application of electrodes for an EMG(3) \u2013Hair, dead skin, oils, and make-up  can interfere with the electrodes\u2019 ability to record muscle activity(3) \u2013Wipe the skin with an isopropyl alcohol in water solution(3)"
        ],
        "psychometric properties": [],
        "potential complications adverse effects": [],
        "test preparation materials required": [],
        "test procedure": [],
        "test scoring interpretation": []
    },
    "causes & risk factors": {},
    "indications for procedure": [
        "Dysphagia is a term that refers to difficulty swallowing and/or a swallowing disorder(8,9) Complications of dysphagia include malnutrition, dehydration, aspiration and aspiration pneumonia, and death(8,10,11) There are two main types of dysphagia, oropharyngeal and esophageal(9) \u2013Oropharyngeal dysphagia  (9,12,13) -Dysphagia involving the oral and/or pharyngeal phase of swallowing -Dysphagia that affects the oral phase only is referred to as oral dysphagia(14) -Dysphagia that affects the pharyngeal phase only is referred to as pharyngeal dysphagia(14) -Dysphagia that affects both oral and pharyngeal phases of the swallow is referred to as oropharyngeal dysphagia(14) -Symptoms of oropharyngeal dysphagia include choking and/or coughing while eating and/or drinking, pocketing food in the cheeks, and loss of food or liquid from the mouth while attempting to swallow(8,12) -EMG is sometimes used for assessment of oropharyngeal dysphagia(1)  \u2013Esophageal dysphagia  (9,12,13) -Dysphagia resulting from an impairment of the esophagus or lower esophageal sphincter -Patients generally report symptoms such as regurgitation and heartburn(8,12,13) -EMG is not used for assessment of esophageal dysphagia",
        "For detailed information on assessment and treatment of dysphagia, see the series of Clinical Reviews on this topic",
        "Risk factors for dysphagia Advanced age(11,13,16) (for detailed information on assessment and treatment of dysphagia in older adults, see Clinical Review\u2026Dysphagia in Older Adults ; CINAHL Topic ID Number: T708995) Cervical osteophytes (bony protuberances of the neck)(9) Ear, nose, throat, or maxillofacial surgery(15) Head and neck cancer(8,9) (for detailed information on assessment and treatment of dysphagia in patients with head and neck cancer, see Clinical Review\u2026Dysphagia: Patients with Head and Neck Cancer ; CINAHL Topic ID Number: T709050) Infection(9) \u2013Botulism(9) \u2013Diphtheria(9) \u2013Lyme disease(9) \u2013Syphilis(9) Neurological disease(8,9,15) \u2013Amyotrophic lateral sclerosis (ALS)(1,9,13) (for detailed information on assessment and treatment of dysphagia in patients with ALS, see Clinical Review\u2026Dysphagia: Amyotrophic Lateral Sclerosis (ALS) ; CINAHL Topic ID Number: T708986) \u2013Brainstem tumor(9) \u2013Stroke(1,8,9,13) (for detailed information on assessment and treatment of dysphagia in patients with stroke, see Clinical Review\u2026Dysphagia: Post Stroke ; CINAHL Topic ID Number: T708770) \u2013Dementia(8) (for detailed information on assessment and treatment of dysphagia in patients with dementia, see Clinical Review\u2026Dysphagia: Dementia ; CINAHL Topic ID Number: T708935) \u2013Dermatomyositis/polymyositis(9) (connective tissue disease marked by inflammation of the skin and/or muscles) \u2013Multiple sclerosis(8,9,13) (for detailed information on assessment and treatment of dysphagia in patients with multiple sclerosis, see Clinical Review\u2026Dysphagia: Multiple Sclerosis ; CINAHL Topic ID Number: T708991) \u2013Myasthenia gravis(1,9,13) (for detailed information on assessment and treatment of dysphagia in patients with myasthenia gravis, see Clinical Review\u2026Dysphagia: Myasthenia Gravis in Adults ; CINAHL Topic ID Number: T709053 and Clinical Review\u2026Dysphagia: Myasthenia Gravis in Children ; CINAHL Topic ID Number: T709054) \u2013Myotonic dystrophy(1,9) (for detailed information on assessment and treatment of dysphagia in patients with myotonic dystrophy, see Clinical Review\u2026Dysphagia: Myotonic Dystrophy in Adults ; CINAHL Topic ID Number: T709072) \u2013Paraneoplastic syndrome(9) (collective signs and symptoms caused by material released from a tumor or in reaction to a tumor) \u2013Parkinson disease(1,8,9,13) (for detailed information on assessment and treatment of dysphagia in patients with Parkinson disease, see Clinical Review\u2026Dysphagia: Parkinson Disease ; CINAHL Topic ID Number: T708934) \u2013Post-poliomyelitis  syndrome(9) (for detailed information on assessment and treatment of dysphagia in post-poliomyelitis syndrome, see Clinical Review\u2026Dysphagia: Post-Polio  Syndrome ; CINAHL Topic ID Number: T709062) \u2013Sarcoidosis(9) (a disease that leads to inflammation of various organs) \u2013Traumatic brain injury(9,13) (for detailed information on assessment and treatment of traumatic brain injury, see the series of Clinical Reviews on this topic) Odynophagia (pain with swallowing) \u2013Following dental surgery or oral surgery, or with acute tonsillitis(5)  Prior cervical or esophageal surgery(9,15,23) \u2013In a study conducted in South Korea with 17 patients with dysphagia following cervical surgery, researchers used needle EMG to evaluate the superior and recurrent laryngeal nerves during swallowing.(23) The researchers in this study found that severe dysphagia was significantly correlated with the presence of laryngeal neuropathy as observed by needle EMG(23) Prolonged endotracheal intubation(16) Zenker\u2019s diverticulum(9,13) (a pouch that forms at the junction of the pharynx and the esophagus)"
    ],
    "overall contraindications precautions": [],
    "contraindications precautions to procedure": {
        "physician order must be obtained prior to an emg assessment of dysphagia": [],
        "emg is contraindicated with the following conditions:": [
            "Radiated skin (from cancer treatment)(3)",
            "Edematous skin(3)",
            "Status post neck dissection(3)"
        ],
        "speech-language  pathologists  slps  are required to have graduate, postgraduate, and or continuing education training specifically in dysphagia assessment and treatment in order to work with patients with dysphagia": [],
        "emg cannot be used to determine whether a patient is aspirating, the effect of postural or food texture changes on the safety of swallowing, or the effectiveness of compensatory strategies": [],
        "because patients with dysphagia are at risk for aspiration and or penetration of oral intake, the patient and patient\u2019s family must be made aware of potential aspiration risks and educated about prevention strategies as appropriate": [],
        "it is important to consider and respect the patient and family\u2019s eating habits, food preferences, and cultural influences on eating during assessment and treatment of dysphagia": [],
        "see specific  contraindications precautions to examination   and  contraindications precautions   under assessment plan": []
    },
    "guidelines for use of procedure": {
        "currently, there is no standardized procedure for dysphagia assessment with emg": [
            "A team of researchers in Israel proposed a protocol for using sEMG as a screening method for dysphagia;(3) sEMG is usedmore often than needle EMG in clinical settings\u2013Although sEMG is inexpensive, radiation-free,  and seems to be reliable in identifying the presence of dysphagia, its lackof specificity makes it more appropriate for use as a screening tool(3)\u2013Following assessment by sEMG, a patient should be referred to a neurologist or other medical specialist for furtherworkup if dysphagia is indicated(3)\u2013sEMG is the preferred type of EMG for dysphagia screening, as it is noninvasive and provides adequate information forinitial screening purposes(3)-Needle EMG gives more specific information, such as tabulated nerve conduction(3)"
        ],
        "equipment": [
            "For an sEMG assessment of dysphagia, the following equipment is required:\u2013Four-channel  computer-based  sEMG unit equipped with surface electrodes(3)\u2013Standard surface electrodes(3)\u2013Recording unit with a wide bandpass filter, a bandwidth of 25\u2013450  Hz, and a 60 Hz notch filter (required for feedbackcancellation)(3)\u2013Software that can record a sampling speed of 100 Hz (100 samples per second)-A computer program used for sEMG should be able to calculate the mean, standard deviation, minimum, maximum,duration, and range of the muscle activity for each trial(3)-Muscle activity is measured in microvolts (\u03bcV)(3)"
        ],
        "in order to obtain meaningful data on a patient\u2019s swallowing muscles and his or her ability to function properly, diagnostic emg for dysphagia should correspond to the known physiological events of oropharyngeal swallowing": [],
        "known physiological aspects of the oropharyngeal swallow that would be useful for an emg study include:": [
            "Muscles activated during the oral stage\u2013Orbicularis oris superior and inferior(3)\u2013Masseter muscle(3)\u2013Tongue and pharyngeal constrictor muscle(1)-In a study conducted in the United Kingdom with 59 children (ages 1 month to 15 years, median age 20 months),researchers found that needle EMG of the genioglossus muscle (an extrinsic muscle of the tongue; gEMG) was a usefulcomplementary evaluation tool for children with dysphagia that provided prognostic information. Researchers found thatwhen a child\u2019s gEMG results indicated neurogenic changes, the child was less likely to progress from gastrostomy tubefeedings to oral feedings; 1/11 of children with neurogenic changes progressed to mixed (nasogastric + modified oral)feeding and 8/11 with nonneurogenic changes progressed to modified oral feedings(25)",
            "Onset of the pharyngeal swallow(1)\u2013Can be recorded from the submental/suprahyoid muscles(1,3)-The activity of these muscles might be recorded via surface electrodes placed midline bilaterally under the chin(1)-Muscles include anterior belly of the digastrics, mylohyoid, and geniohyoid(3)\u2013Submental/suprahyoid muscles should fire simultaneously at the onset of a normal pharyngeal swallow(1)",
            "Duration of the pharyngeal swallow(1)\u2013Calculated by measuring the length of time the submental/suprahyoid muscles continue to fire following the initial onsetof the swallow(1)",
            "Laryngeal movements(1)\u2013Can be monitored via a piezoelectric sensor (which measures pressure) placed between the thyroid and cricoidcartilages(1)-This can provide information about the timing of laryngeal elevation with respect to the other events of the swallow (i.e.,initiation and termination of the pharyngeal swallow)(1)\u2013Airway protection is associated with the movement and strength of the laryngeal adductor muscle(1)",
            "Cricopharyngeal muscle activity(1)\u2013Measured by a needle electrode inserted percutaneously through the neck and directed posteromedially(1)\u2013The cricopharyngeal muscle (at the top of the upper esophageal sphincter) is unique because, in normal swallowingphysiology, the muscle should have a high frequency of tonic activity at rest and then turn off during swallowing (whenthe bolus is passed through into the esophagus)(1)\u2013The EMG trace of the cricopharyngeal muscle is referred to as a \u201cpause\u201d; when the cricopharyngeal muscle relaxes duringthe swallow, the trace shows an absence of electrical activity and resumes electrical activity when the cricopharyngealmuscle returns to its tonic, rest state(1)"
        ],
        "electrode placement": [
            "Orbicularis oris: two electrodes placed to the right or left angle of the mouth; one electrode above the upper lip, anotherbelow the lower lip; these electrodes record the volitional aspects of the oral stage of swallowing(3,26)",
            "Masseter muscle: two electrodes placed parallel to the masseter muscle on the right or left side of the face (opposite side ofthe face from the orbicularis oris electrode placement)(3,6,26)",
            "Submental/suprahyoid muscles: two electrodes placed under the chin to the right or left of midline(1,3,6,26)",
            "Infrahyoid muscles: two electrodes placed on the left or right side of the thyroid cartilage (records muscle activity of thelaryngeal strap muscles and the infrahyoid muscles)(3,6,26)\u2013The information gathered from the electrodes on the masseter, submental, and infrahyoid muscles relates to theinvoluntary, reflexive aspects of the oral and pharyngeal swallow(3)",
            "For suspected psychogenic or malingering dysphagia: place an electrode over a muscle not involved in normal swallowingfunction, such as the trapezius(3,6)\u2013If a patient is malingering dysphagia, muscles that are normally not involved in the act of swallowing might fire when thepatient strains to swallow(3,6)"
        ]
    },
    "examination": {
        "contraindications precautions to examination": [
            "Skin must be cleaned and shaved prior to application of electrodes for an EMG(3) \u2013Hair, dead skin, oils, and make-up  can interfere with the electrodes\u2019 ability to record muscle activity(3) \u2013Wipe the skin with an isopropyl alcohol in water solution(3)"
        ],
        "history": {
            "history of present illness": {
                "mechanism of injury or etiology of illness": " Mechanism of injury or etiology of illness -An interview with the patient and/or family members might be appropriate to gather a detailed history of the symptoms and presentation of patient\u2019s dysphagia(17) -Does the patient have a diagnosis that places him or her at an elevated risk for dysphagia?(17) -Recent history of tonsillectomy or dental work?(7) -EMG can be utilized to differentially diagnose dysphagia and odynophagia; a patient with recent oral surgery might be experiencing odynophagia(7)",
                "course of treatment": {
                    "medical management": "Note current and previous medical management of diagnosis; do any of the medical treatments put the patient at elevated risk for dysphagia? Chemotherapy and radiation might result in xerostomia (dry mouth);(16) xerostomia is frequently associated with dysphagia(13,16) Current or previous ear, nose, throat, maxillofacial, cervical, or esophageal surgery/procedures(9,15)",
                    "surgical management": [],
                    "medications": "Determine what medications physician has prescribed; are they being taken?",
                    "diagnostic tests completed": [
                        "Diagnostic tests completed:  Usual tests for dysphagia are the following:",
                        "Clinical swallow examination (CSE)",
                        "In a study conducted in Turkey, researchers compared the effectiveness of a CSE, fiber optic endoscopic evaluation of swallowing (FEES), and EMG evaluation of swallowing in identifying dysphagia. Subjects included 24 patients who had had a stroke within the previous 3 months. For the CSE, patients swallowed 10 mL of water and oxygen saturation was monitored by pulse oximetry. Researchers calculated a \u201cBedside Dysphagia Score (BDS)\u201d by giving patients a point for each sign/symptom of dysphagia observed during the BSE (0\u20132 was considered normal swallow, 3\u20136 was considered dysphagia). Researchers found that a BDS of 3+ was positively correlated with dysphagia identified by the FEES and the EMG evaluations. Researchers concluded that the BSE was as effective in identifying dysphagia post stroke as the FEES and EMG evaluations; however, they concluded that best practice for adequately evaluating the nature of dysphagia was to perform a combination of a CSE and an instrumental examination(27)",
                        "Chest x-ray",
                        "FEES",
                        "Modified barium swallow study (MBSS)/VFSS"
                    ],
                    "alternative therapies": "Document any use of home remedies (e.g., ice or heating pack) or alternative therapies (e.g., acupuncture) and whether or not they help Occasionally patients and family members develop their own strategies for managing dysphagia (such as using gravies with all meats or chopping up the patient's food into very small pieces) Patients with prior histories of dysphagia might already be using an altered diet prior to admission(18) Ask the patient and/or caregiver what types of food or drink the patient prefers and/or avoids at home(18) ",
                    "previous therapy": "Document whether the patient has had speech, occupational, or physical therapy for this or other conditions and what specific treatments were helpful or not helpful"
                },
                "aggravating easing factors": " Aggravating/easing factors  (and length of time each item is performed before the symptoms come on or are eased)(19) -Specific foods? -With specific meals? -Only halfway through meals? -When he or she is distracted or having a meal with a group of people?(11)",
                "body chart": "",
                "nature of symptoms": "Document nature of symptoms -For patients who complain of difficulty swallowing, what exactly is the problem with swallowing? -Does food stick in the throat?(13) -Globus is a frequent complaint of patients with psychogenic swallowing disorders(6) -Globus refers to a subjective feeling of a lump in the back of the throat; occasionally the patient reports the feeling of food sticking in the throat; however, globus is usually not associated with swallowing or eating(6) -Also referred to as globushystericus, globuspharyngeus, or cervical dysphagia(6) -Does the patient cough and/or choke while eating or drinking? -Is there pain associated with swallowing?(3,5)",
                "rating of symptoms": "Use a visual analog scale (V AS) or 010  scale to assess symptoms at their best, at their worst, and at the moment(5) (specifically address if pain is present now and how much)",
                "pattern of symptoms": "Document changes in symptoms throughout the day and night, if any (a.m., mid-day,  p.m., night); also document changes in symptoms due to weather or other external variables -When did the symptoms of dysphagia first present?(20) -How frequently does the patient experience the symptoms of dysphagia?(20)",
                "sleep disturbance": "Does difficulty swallowing saliva and/or secretions interfere with patient\u2019s ability to sleep? -Document number of wakings/night",
                "other symptoms": "",
                "respiratory status": "Patients with a compromised respiratory status are at higher risk of complications (such as aspiration pneumonia) due to dysphagia(18,19) -Does the patient require supplemental oxygen? Nasal cannula?(15) -Does the patient have a tracheostomy tube?(15) (For detailed information on dysphagia in patients with tracheostomyAdults with Tracheostomy ; CINAHL Topic ID NumberChildren With Tracheostomy ; CINAHL Topic ID Number -When the patient has an uncapped tracheostomy tube, subglottic pressure is reduced and the strength of the swallow is altered(19) -Does the patient require ventilator support? -Patients who require ventilator support are at elevated risk for aspiration during swallowing(19)Briefly assess the patient\u2019s psychosocial status -Has the patient ever been diagnosed with anxiety, depression, bipolar disorder, or another mental health disorder? -How does the patient relate to his or her surroundings? Is the patient overly emotional, anxious, or fearful? -If there are concerns regarding the patient\u2019s psychosocial status and he or she is not currently under the care of a psychiatrist or other mental health professional, a referral for further workup might be appropriate -EMG is often utilized with patients in whom psychogenic or malingering dysphagia is suspected because it is a quick, inexpensive test that does not involve radiation(3,6,7) -Review patient\u2019s chart to determine if there is a possibility of psychogenic or malingering dysphagia -History of psychogenic swallowing disorders -Report of globus(6) -History of an eating disorder (e.g., anorexia, bulimia)(6)Briefly assess the patient\u2019s hearing abilities -Does the patient require hearing aids? If yes, does he or she wear them as recommended?  -If the patient appears to present with impaired hearing and is not already receiving audiological services, refer to an audiologist for full workup Barriers to learning -Are there any barriers to learning? Yes__ No__ -If Yes, describe _________________________"
            },
            "medical history": {
                "past medical history": {
                    "previous history of same similar diagnosis": "Does the patient have a previous history of oropharyngeal dysphagia?(19) History of psychogenic dysphagia?",
                    "comorbid diagnoses": "Ask the patient or family/caregiver about other problems, including diabetes, cancer, heart disease, complications of pregnancy, psychiatric disorders, and orthopedic disorders",
                    "medications previously prescribed": "",
                    "other symptoms": "Ask the patient about other symptoms he or she is experiencing (e.g., reflux, cough, weakness, weight loss)"
                }
            },
            "social and occupational history": {
                "patient\u0432\u0402\u2122s goals": "",
                "vocation avocation and associated repetitive behaviors, if any": "",
                "functional limitations assistance with ADLs adaptive equipment": " Functional limitations/assistance with ADLs/adaptive equipment -Does the patient use adaptive feeding devices? -Does the patient require use of a communication device? -Does the patient require hearing aids? If so, are the hearing aids in good working order? -Does the patient wear glasses? -Does the patient require a wheelchair for mobility? Does the patient require a cane or walker?",
                "living environment": " Living environment -With whom does the patient live (e.g., family, caregivers)?(15) -Does the patient require feeding assistance at home?(11,15) -Patients who will require an altered diet might require assistance with food preparation from family members and/or caregiver(15) -Is the patient receiving nutritional supplements orally or nonorally?(19) -Is there a feeding tube present?(15,19)"
            }
        },
        "relevant tests and measures": {
            "general": " \u203aRelevant tests and measures (While tests and measures are listed in alphabetical order, sequencing should be appropriate to patient medical condition, functional status, and setting):",
            "anthropometric characteristics": "Note excessive adipose tissue of the neck and/or face \u2013Electrodes might not be as effective for recording muscle activity when the muscles are deeper(3) \u2013SLPs must be able to adequately palpate anatomical landmarks such as the hyoid, laryngeal notch, and mandible to accurately place electrodes(3)",
            "assistive and adaptive devices": "",
            "balance": "",
            "cardiorespiratory function and endurance": [],
            "circulation": "",
            "functional mobility": "",
            "gait locomotion": "",
            "muscle strength": "",
            "observation inspection palpation including skin assessment": [],
            "posture": "Patients must have adequate muscle tone to hold the head in an upright position to accept food and liquid trials \u2013If the patient is unable to independently hold his or her head upright, adequate positioning might be achieved through use of pillows, wedges, or an adaptive wheelchair",
            "range of motion": "",
            "self-care activities of daily living": "",
            "reflex testing": "",
            "sensory testing": "",
            "special tests specific to diagnosis": " Special tests specific to diagnosis \u2013Trials of food and liquid -While the electrodes are recording the activity of the swallowing muscles, the patient is required to swallow substances -Saliva (\u201cdry\u201d swallows)(3) -Thin liquids (usually water)(1,3) -Single sips(3) -Continuous sips(3) -Straw sips -Thickened liquids -Nectar-thick -Honey-thick -Solids -Mechanical soft -Cracker",
            "speech and language examination": "Briefly assess communication skills of the patient prior to completion of the dysphagia assessment \u2013If the patient appears to present with speech, language, fluency, or other communication deficits, it might be appropriate to complete a full evaluation of speech and language skills",
            "neurological examination": "",
            "oral structure and oral motor function": "An extensive oral mechanism examination should be completed prior to or asAbnormalities of the buccal and facial muscles might indicate damage to cranial nerve (CN) VII(15) -Is the face symmetrical at rest?  -Is the face symmetrical while making movements (e.g., smiling, raising the eyebrows, closing the eyes)? -Are there any abnormal movements (e.g., twitching, spasms, grimacing)? -Is the patient able to manage his or her secretions?(10,19) -Is the patient\u2019s facial sensation intact?(15) -The patient needs to have adequate sensation of the facial muscles to feel and retrieve any residue during a meal -Is the patient drooling or mouth breathing?(10,15) -Does the patient present with slurred speech/dysarthria?(15,18) -If the patient presents with dysarthria, he or she might be appropriate for a full speech/language evaluation following completion of the EMG evaluation -For detailed information on assessment and treatment of dysarthria, see the series of Clinical Reviews on this topicAbnormalities of the labial muscles might indicate damage to CN VII(15,17) -Are the lips symmetrical at rest? -Are the lips symmetrical during movements? -Is ROM normal? -If the patient is unable to completely seal his or her lips during swallowing, he or she might not be able to generate adequate pressure to propel boluses posteriorly(22) -Is strength normal? -Is lip tissue healthy? -Is there any scarring or cleft? -Is the patient\u2019s labial sensation intact?(15) -If a patient has reduced sensation of either or both lips, he or she is at risk for anterior loss or pocketing of the food on the side of the mouth with reduced sensationAbnormalities of the tongue might indicate damage to CN XII(15,17) -Is the tongue normal in appearance? -Any atrophy? -Any tremors present? -Any discolorations? -Any bleeding? -Patients with dry mouth (xerostomia) as a result of chemotherapy, radiation therapy, or medication side effects might present with dry, cracked tongue tissue or a white/yellow coating on the tongue -Is ROM normal? -If the patient is unable to reach his or her tongue to the hard palate during swallowing, he or she might not be able to generate adequate pressure to propel boluses posteriorly -Is strength normal? -If the patient presents with one-sided  weakness of the tongue (or lips), he or she is more likely to have food become lodged or pocketed in the corresponding side of the oral cavity -Following food and liquid trials, examine weaker side of the oral cavity for residueAbnormalities of mandibular function might indicate damage to CN V(15) -Is the patient able to maintain jaw closure at rest? -Is ROM normal? -Adequate mandibular ROM is necessary for the patient to adequately masticate solid foods -Is strength normal? -Is the mandible structurally intact? -Patients with head and neck cancer (especially base of the tongue cancer) sometimes require reconstructive surgeries altering anatomy of the jaw \u2013Hard palate(17) -Is the hard palate intact? -Any signs of fistulas, fissures, or scarring? -Are the height and width normal? -Any prostheses present?  -Is the coloration normal?Abnormalities of the soft palate (velum) might indicate damage to CN XII(15,17) -Is the coloration normal (should be pink and white)? -Any signs of cleft or bifid uvula? -Does the palate elevate sufficiently and equally? -Use a flashlight to see to the back of the patient\u2019s throat during sustained phonation of the syllable /a/ and repeated phonation of /a-a-a/(15) -Does the patient sound hyper-  or hyponasal during conversational speech? -Place a small mirror under the patient\u2019s nose during production of nonnasal sounds; if fogging or clouding occur, this might indicate nasal emission, which would indicate a referral to the otolaryngologist \u2013Teeth(17,22) -Are any teeth missing? -Are the teeth in good repair? -Does the patient wear partial or full dentures? -If the patient is edentulous, inquire if the patient has dentures at home; if family is able to bring dentures in, re-examine mastication with dentures present -Patients who are edentulous might still be able to eat a regular diet; each patient is different unique -Is there a significant over-  or underbite?",
            "perception": "",
            "arousal attention cognition": "Briefly assess patient\u2019s cognition \u2013Patient should be able to maintain arousal and follow some type of directions (verbal or nonverbal) in order to undergo an EMG assessment of swallowing \u2013The Mini-Mental  State Examination (MMSE) is an appropriate tool for screening for arousal, attention, and other cognitive deficits -The MMSE assesses overall cognitive impairment; sections include Orientation to Time, Orientation to Place, Registration, Attention and Calculation, Recall, Naming, Repetition, Comprehension, Reading, Writing, and Drawing(21) -If language or cognitive deficits are evident on the screening measure, the patient might be appropriate for a complete language and cognitive evaluation",
            "aac assessment": "",
            "swallow examination": "",
            "tracheostomy examination": ""
        }
    },
    "assessment plan of care": {
        "contraindications precautions": {
            "cryotherapy contraindications": [],
            "cryotherapy precautions": [],
            "contraindications precautions": [],
            "superficial heat is contraindicated with": [],
            "electrotherapy contraindications precautions include": [],
            "other": [
                "Patients with a diagnosis for which this procedure is used are at risk for falls; follow facility protocols for fall prevention and post fall prevention instructions at bedside, if inpatient. Ensure that patient and family/caregivers are aware of the potential for falls and educated about fall prevention strategies. Discharge criteria should include independence with fall prevention strategies",
                "Patients with the diagnosis of dysphagia might be at risk for aspiration. Swallowing precautions/feeding guidelines should be posted at bedside, and caregivers, family members, and nursing staff should be educated regarding patient\u2019s risk of aspiration "
            ]
        },
        "diagnosis need for treatment": "The results of a dysphagia assessment with EMG will indicate if the activity of the swallowing musculature is normal or impaired.(1) A typical, healthy swallow would be recorded graphically as a normal waveform with upward deflections and a sharp apex when recorded from the masseter, submental, and infrahyoid electrodes.(3) The following are characteristics of EMG for specific disease processes: Muscle disorders (including myasthenia gravis, inflammatory myopathies, and muscular dystrophies) \u2013Prolonged duration of the swallow(1) \u2013Reduced laryngeal elevation(1) \u2013Cricopharyngeal muscle usually intact for myasthenia gravis; sometimes impaired in myotonic dystrophy(1) \u2013In a study conducted in the United Kingdom with nine patients with Duchenne muscular dystrophy (DMD) with dysphagia and six patients with DMD with intact swallow function, as well as 12 healthy controls, researchers found that the sEMG patterns produced by all patients with DMD differed from healthy controls despite swallowing status (i.e., even those people with DMD who had intact swallowing function displayed altered muscle contraction patterns)(26) ALS \u2013In early stages, delay of the pharyngeal swallow response(1) \u2013In later stages of ALS, absence of the pharyngeal swallow response(1) \u2013Cricopharyngeal muscle becomes hypertonic/hyper-reflexic,  resulting in a delayed relaxation, as well as premature contraction; additionally might notice a shortening of the total duration of the \u201cpause\u201d on the cricopharyngeal trace(1) \u2013Overall, the waveforms of the swallow will appear disorganized(3) Parkinson disease \u2013Pharyngeal swallow impaired in the late stages of Parkinson disease(1) \u2013Poverty of movement in the submental/suprahyoid muscles on EMG(2) \u2013Prolonged duration of the swallow(1) \u2013Reduced laryngeal elevation(1) \u2013Reduced rate of spontaneous saliva swallows(1) \u2013Overall, the waveforms of the swallow will appear disorganized(3) Stroke \u2013Patterns will differ depending on the type and location of the stroke(1) \u2013The following is sometimes observed after stroke: -Prolonged duration of the swallow(1) -Reduced laryngeal elevation(1) -Impaired spontaneous saliva swallows(1) \u2013Overall, the waveforms of the swallow will appear disorganized(3) Gastroenterological dysphagia (such as Zenker\u2019s diverticulum) \u2013Normal masseter muscle waveform(3) \u2013Normal amount of electrical activity of the submental muscles with increased duration of activation and abnormal waveform(3) \u2013Higher than normal electrical activity and longer duration of activation with infrahyoid muscles(3) \u2013Abnormal regurgitation peaks(3) Odynophagia \u2013Dental surgery -Prolonged duration of swallow(5) -Lower than normal activation of masseter muscle(5) -Normal activation of the submental muscles and infrahyoids(5) \u2013Oral infection -Prolonged duration of swallow(5) -Lower than normal activation of masseter muscle(5)  -Normal activation of the submental muscles and infrahyoids(5) \u2013Acute tonsillitis -Normal duration of swallow(5) -Higher than normal activation of masseter muscle and infrahyoids(5) -Normal activation of the submental muscles(5) Class III dentofacial deformity \u2013Lower than normal electrical potential in the masseter muscle during isometric contraction(24) Malingering dysphagia/psychogenic dysphagia \u2013Normal waveforms for reflexively controlled muscles (i.e., masseter, submental, and infrahyoids)(3,6,7) \u2013Involvement of non-swallowing  muscles, such as shoulder tension(3,6)",
        "rule out": "",
        "prognosis": [],
        "referral to other disciplines": "A multidisciplinary approach is necessary for the successful treatment of dysphagia(17) Referral to gastroenterologist for patients in whom esophageal dysphagia or Zenker\u2019s diverticulum is suspected(17,22) Referral to neurologist for patients with dysphagia who do not have a known underlying diagnosis(17) Referral to pulmonologist for patients who appear to have poor respiratory status and/or function(17) Referral to ENT for patients who present with apparent vocal fold dysfunction(22) Referral to nutrition services/dietitian for patients with poor oral intake or those at risk for malnutrition(17,19) Referral to physical and/or occupational therapy for patients with poor posture, difficulty sitting up in the bed or chair, or difficulty feeding themselves(17)",
        "other considerations": [
            "EMG provides information about muscle activation that other tests of swallowing do not; EMG is often used as a complement to another instrumental evaluation of swallowing such as a VFSS or FEES(2) See Description , Indications of procedure , and Guidelines for use of procedure , above . Problem Goal Intervention Expected Progression Home Program N/A N/A N/A N/A N/A ."
        ],
        "treatment summary": []
    },
    "desired outcomes outcome measures": {
        "the desired outcome of an emg assessment of dysphagia is to identify specific characteristics of an individual patient\u2019s dysphagia and develop an appropriate treatment plan": [],
        "dysphagia therapy outcomes can be measured by repeating an emg, as well as a full dysphagia assessment in  weeks from initial emg to assess changes in the patient\u2019s swallowing function": []
    },
    "maintenance or prevention": [],
    "patient education": [
        "Information on dysphagia for patients and family members is available on the American Speech-Language-Hearing Association (ASHA) Web site, http://www.asha.org/public/speech/swallowing/  Note",
        "Recent review of the literature has found no updated research evidence on this topic since previous publication on December 22, 2017 Coding Matrix References are rated using the following codes, listed in order of strength: MPublished meta-analysis SRPublished systematic or integrative literature review RCTPublished research (randomized controlled trial) RPublished research (not randomized controlled trial) CCase histories, case studies GPublished guidelinesRVPublished review of the literature RUPublished research utilization report QIPublished quality improvement report LLegislation PGRPublished government report PFRPublished funded reportPPPolicies, procedures, protocols XPractice exemplars, stories, opinions GIGeneral or background information/texts/reports UUnpublished research, reviews, poster presentations or other such materials CPConference proceedings, abstracts, presentation"
    ],
    "references": [
        {
            "number in article": 1,
            "reference": "Ertekin C, Palmer JB. Physiology and electromyography of swallowing and its disorders. Suppl Clin Neurophysiol . 2000;53:148-154.  (GI)"
        },
        {
            "number in article": 2,
            "reference": "Alfonsi E, Versino M, Merlo IM, et al. Electrophysiologic patterns of oral-pharyngeal  swallowing in parkinsonian syndromes. Neurology . 2007;68(8):583-589.  (R)"
        },
        {
            "number in article": 3,
            "reference": "Vaiman M, Eviatar E. Surface electromyography as a screening method for evaluation of dysphagia and odynophagia. Head Face Med . 2009;5:9. (RV)"
        },
        {
            "number in article": 4,
            "reference": "Palmer JB, Rudin NJ, Lara G, Crompton AW. Coordination of mastication and swallowing. Dysphagia . 1992;7(4):187-200.  (R)"
        },
        {
            "number in article": 5,
            "reference": "Vaiman M, Nahlieli O. Oral vs. pharyngeal dysphagia: surface electromyography randomized study. BMC Ear Nose Throat Disord . 2009;9:3. (R)"
        },
        {
            "number in article": 6,
            "reference": "Vaiman M, Shoval G, Gavriel H. The electrodiagnostic examination of psychogenic swallowing disorders. Eur Arch Otorhinolaryngol . 2008;265(6):663-668.  (R)"
        },
        {
            "number in article": 7,
            "reference": "Vaiman M, Shoval G, Gavriel H. Malingering dysphagia and odynophagia electromyographic assessment. Am J Otolaryngol . 2009;30(5):318-323.  (R)"
        },
        {
            "number in article": 8,
            "reference": "Nazarko L. Nutrition part 5: dysphagia. Br J Healthc Assist . 2009;3(5):228-232.  (RV)"
        },
        {
            "number in article": 9,
            "reference": "Krishnan K, Pandolfino JE. Dysphagia and esophageal obstruction. In: Bope ET, Kellerman R, eds. Conn's Current Therapy 2017 . Philadelphia, PA: Saunders Elsevier; 2017:196-201.  (GI)"
        },
        {
            "number in article": 10,
            "reference": "White GN, O'Rourke F, Ong BS, Cordato DJ, Chan DK. Dysphagia: causes, assessment, treatment, and management. Geriatrics . 2008;63(5):15-20.  (RV)"
        },
        {
            "number in article": 11,
            "reference": "Ginocchio D, Borghi E, Schindler A. Dysphagia assessment in the elderly. Nutr Ther Metab . 2009;27(1):9-15.  (RV)"
        },
        {
            "number in article": 12,
            "reference": "Robbins J, Kays S, McCallum S. Team management of dysphagia in the institutional setting. J Nutr Elder . 2007;26(3-4):59-104.  (RV)"
        },
        {
            "number in article": 13,
            "reference": "Cook IJ. Oropharyngeal dysphagia. Gastroenterol Clin North Am . 2009;38(3):411-431.  (RV)"
        },
        {
            "number in article": 14,
            "reference": "Edelman DA, Sheehy-Deardorff  DA, White MT. Bedside assessment of swallowing is predictive of an abnormal barium swallow examination. J Burn Care Res . 2008;29(1):89-96.  (R)"
        },
        {
            "number in article": 15,
            "reference": "Ricci Maccarini A, Filippini A, Padovani D, Limarzi M, Loffredo M, Casolino D. Clinical non-instrumental  evaluation of dysphagia. Acta Otorhinolaryngol Ital . 2007;27(6):299-305. (RV)"
        },
        {
            "number in article": 16,
            "reference": "Baumgartner CA, Bewyer E, Bruner D. Management of communication and swallowing in intensive care: the role of the speech pathologist. AACN Adv Crit Care . 2008;19(4):433-443.  (RV)"
        },
        {
            "number in article": 17,
            "reference": "Logemann JA. Swallowing disorders. Best Pract Res Clin Gastroenterol . 2007;21(4):563-573.  (RV)"
        },
        {
            "number in article": 18,
            "reference": "Cichero JA, Heaton S, Bassett L. Triaging dysphagia: nurse screening for dysphagia in an acute hospital. J Clin Nurs . 2009;18(11):1649-1659.  (R)"
        },
        {
            "number in article": 19,
            "reference": "Avery W. Dysphagia. In: Radomski MV, Trombly Latham CA, eds. Occupational Therapy for Physical Dysfunction . 7th ed. Philadelphia, PA: Wolters Kluwer Health/Lippincott Williams & Wilkins; 2014:1327-1351.  (GI)"
        },
        {
            "number in article": 20,
            "reference": "Carnaby-Mann  G, Lenius K. The bedside examination in dysphagia. Phys Med Rehabil Clin North Am . 2008;19(4):747-768.  (RV)"
        },
        {
            "number in article": 21,
            "reference": "Folstein MF, Folstein SE, McHugh PR. \"Mini-Mental  State\". A practical method for grading the cognitive state of patients for the clinician. J Psychiatr Res . 1975;12(3):189-198. (R)"
        },
        {
            "number in article": 22,
            "reference": "Pettigrew CM, O'Toole C. Dysphagia evaluation practices of speech and language therapists in Ireland: clinical assessment and instrumental examination decision-making. Dysphagia . 2007;22(3):235-244.  (R)"
        },
        {
            "number in article": 23,
            "reference": "Ryu JS, Lee JH, Kang JY, Kim MY, Shin DE, Shin DA. Evaluation of dysphagia after cervical surgery using laryngeal electromyography. Dysphagia . 2012;27(3):318-324. doi:10.1007/s00455-011-9368-7.  (R)"
        },
        {
            "number in article": 24,
            "reference": "de Farias BU, Bianchini EM, de Paiva JB, Neto JR. Muscular activity in class III dentofacial deformity. Cranio. 2013;31(3):181-189.  (R)"
        },
        {
            "number in article": 25,
            "reference": "Vijayakumar K, Rockett J, Ryan M, Harris R, Pitt M, Devile C. Experience of using electromyography of the genioglossus in the investigation of paediatric dysphagia. Dev Med Child Neurol . 2012;54(12):1127-1132.  doi:10.1111/j.1469-8749.2012.04431.x.  (R)"
        },
        {
            "number in article": 26,
            "reference": "Archer SK, Garrod R, Hart N, Miller S. Dysphagia in Duchenne muscular dystrophy assessed objectively by surface electromyography. Dysphagia . June 2013;28(2):188-98. doi:10.1007/s00455-012-9429-6.  (R)"
        },
        {
            "number in article": 27,
            "reference": "Umay EK, Unlu E, Saylam GK, Cakci A, Korkmaz H. Evaluation of dysphagia in early stroke patients by bedside, endoscopic, and electrophysiological methods. Dysphagia . September 2013;28(3):395-403.  doi:10.1007/s00455-013-9447-z.  (R)"
        }
    ]
}