{
    "metadata": {
        "title": "Epicondylitis, Medial",
        "synonyms": [
            "golfer\u2019s elbow",
            "thrower\u2019s elbow",
            "flexor-pronator  tendonitis",
            "medial epicondylitis",
            "baseball elbow",
            "suitcase elbow",
            "forehand tennis elbow",
            "medial epicondylalgia"
        ],
        "anatomical location body part affected": [
            "Medial epicondyle of the humerus, at the common attachment site of the wrist flexor and pronator tendons (flexor carpi radialis, pronator teres, flexor carpi ulnaris, palmaris longus, and ulnar collateral ligament)"
        ],
        "area of specialty": [
            "hand therapy",
            "orthopedic rehabilitation",
            "sports rehabilitation"
        ],
        "description": [
            "Tendinosis of the wrist flexors and pronator tendons (i.e., pronator teres and common extensor tendon of flexor digitorum superficialis, flexor carpi ulnaris, flexor carpi radialis, palmaris longus) at the medial epicondyle of the humerus. The terms epicondylosis or epicondylalgia more accurately describe the condition than epicondylitis(15)",
            "Overuse tendon injury should be considered tendinopathy, not inflammatory tendonitis(15) \u2013Underlying pathology is degeneration and formation of granulation tissue (also known as angiofibroblastic hyperplasia or tendinosis \u2013The presence of an inflammatory component early in the disease process has not been ruled out \u2013One hypothesis is that there are four stages in the progression of epicondylar tendinosis, all related to repetitive micro-tearing  of the tendon with inadequate reparation:(15) -Generalized inflammation -Angiofibroblastic degeneration -Structural failure -Fibrosis and calcification",
            "Chronic medial epicondylitis usually involves some flexor-pronator  tendon degeneration; i.e., tendinopathy without inflammation(1)",
            "Medial epicondylalgia (ME) is not as common as lateral epicondylalgia(2)",
            "Affects women more than men, often in the 4th\u20136th decades of life(2)"
        ],
        "indications": [],
        "ICD-9 codes": {},
        "ICD-10 codes": {
            "M77.0": "medial epicondylitis (ICD codes are provided for the reader\u2019s reference, not for billing purposes)"
        },
        "ICD-11": {},
        "G-codes": {},
        "CPT codes": {},
        "HCPCS codes": {},
        "reimbursement": [
            "No specific issues or information regarding reimbursement has been identified"
        ],
        "presentation signs and symptoms": [
            "Pain and tenderness with palpation at medial epicondyle(1)",
            "Increased medial elbow pain with resisted wrist flexion and pronation(1,2)",
            "Medial-sided  elbow pain that is exacerbated by daily activities may radiate to forearm(1,15) ",
            "Loss of full elbow extension may develop(1) Causes, Pathogenesis, & Risk Factors"
        ],
        "contraindications precautions to test": [],
        "psychometric properties": [],
        "potential complications adverse effects": [],
        "test preparation materials required": [],
        "test procedure": [],
        "test scoring interpretation": []
    },
    "causes & risk factors": {
        "causes": [
            "Acute injury\u2013Typically secondary to a collision",
            "Chronic injury\u2013Frequently results from overuse; i.e., repetitive forceful wrist flexion and forearm pronation activities that producerebound wrist extension and forearm supination(1,2,15)"
        ],
        "pathogenesis": [
            "Inflammation of the medial epicondyle and surrounding structures may be present in the early stage, but is less likely inchronic presentation;(15) see Description , above",
            "Repetitive overuse creates stress on the tendon (often valgus stress at the elbow), resulting in microtears to the tendonorigin(15)",
            "Angiofibroblastic hyperplasia characteristic of tendinosis is commonly present(15)"
        ],
        "risk factors": [
            "Obesity",
            "Smoking",
            "Repetitive movements > 2 hours per day(2)",
            "Forceful activity(2)",
            "Training errors(3)",
            "Muscle imbalances(3)",
            "Joint instability(3)",
            "Baseball pitching in children and adolescents, golfing, and other provocative activities(16)"
        ]
    },
    "indications for procedure": [],
    "overall contraindications precautions": [
        "Respect patient\u2019s pain while performing the examination, especially during special tests, manual muscle tests, and neural tension tests",
        "See specific  Contraindications/precautions   under Assessment/Plan of Care"
    ],
    "contraindications precautions to procedure": {},
    "guidelines for use of procedure": {},
    "examination": {
        "contraindications precautions to examination": [],
        "history": {
            "history of present illness": {
                "mechanism of injury or etiology of illness": " Mechanism of injury or etiology of illness -When did symptoms begin? With what activities is the patient having difficulties? What has been the progression of symptoms?",
                "course of treatment": {
                    "medical management": "Nonsurgical supportive care for ME includes modified rest (activity modification), painrelieving  modalities (e.g., medications, physical agent modalities, corticosteroid injections), structured rehabilitation, counterforce bracing, wrist orthosis, or kinesiology taping. Surgical management typically is reserved for patients with intractable symptoms",
                    "surgical management": [],
                    "medications": "Determine what medications clinician has prescribed; are they being taken? NSAIDs administered topically or orally can help to reduce inflammation and pain in early stage of ME(2,15) Use of NSAIDs is questionable in chronic cases of ME because inflammation may not be a component of the pathology(1)",
                    "diagnostic tests completed": [
                        "Diagnostic tests completed",
                        "X-ray  may be used to assist in differential diagnosis of ME, ruling out osteoarthritis, osteochondrosis dissecans, or other bony abnormalities.(2)MRI is the gold standard and may be used to confirm diagnosis and determine severity. In  some cases, ultrasound may be a reasonable alternative to MRI. EMG may be required to determine if there is ulnar nerve involvement(15)"
                    ],
                    "alternative therapies": "Document any use of home remedies (e.g., ice or heating pack) or alternative therapies (e.g., acupuncture) and whether they help",
                    "previous therapy": "Document whether patient has had occupational or physical therapy for this or other conditions and what specific treatments were helpful or not helpful"
                },
                "aggravating easing factors": " Symptoms are brought on by precipitating repetitious activity (e.g., early return to golf)",
                "body chart": "Use body chart to document location and nature of symptoms. Patients usually report pain and tenderness with palpation at medial epicondyle that may radiate to forearm or wrist(15)",
                "nature of symptoms": "Document nature of symptoms (e.g., constant vs. intermittent, sharp, dull, aching, burning, numbness, tingling). Is pain localized or generalized? Does pain radiate?",
                "rating of symptoms": "Use a visual analog scale (V AS) or 010  scale to assess symptoms at their best, at their worst, and at the moment (specifically address if pain is present now and how much)",
                "pattern of symptoms": "Document changes in symptoms throughout the day and night, if any (A.M., mid-day,  P.M., night); also document changes in symptoms due to weather or other external variables",
                "sleep disturbance": "Document number of wakings/night, if any",
                "other symptoms": "Document other symptoms patient may be experiencing that could exacerbate the condition and/or symptoms that could be indicative of a need to refer to physician (e.g., paresthesias) Barriers to learning -Are there any barriers to learning? Yes___ No___ -If Yes, describe _________________________",
                "respiratory status": ""
            },
            "medical history": {
                "past medical history": {
                    "previous history of same similar diagnosis": "",
                    "comorbid diagnoses": "Ask patient about other problems, including diabetes, cancer, heart disease, complications of pregnancy, psychiatric disorders, and orthopedic disorders",
                    "medications previously prescribed": "Obtain a comprehensive list of medications prescribed and/or being taken (including OTC drugs)",
                    "other symptoms": "Ask patient about other symptoms he or she may be experiencing"
                }
            },
            "social and occupational history": {
                "patient\u0432\u0402\u2122s goals": "",
                "vocation avocation and associated repetitive behaviors, if any": "What recreational or competitive sports does the patient participate in? Child and adolescent baseball pitchers, golfers, and others participating in a provocative activity (work, repetitive activities) are at risk for medial epicondylitis(15,16)",
                "functional limitations assistance with ADLs adaptive equipment": "Assess for provocative activities; assess ability to perform work duties and participate in leisure activities and sports",
                "living environment": ""
            }
        },
        "relevant tests and measures": {
            "general": "(While tests and measures are listed in alphabetical order, sequencing should be \u203aRelevant tests and measures: (While tests and measures are listed in alphabetical order, sequencing should be appropriate to patient medical condition, functional status, and setting.) Complete a general exam as indicated with a focus on the items listed below \u2022Anthropometric measurements : Circumference at elbow for swelling \u2022Cranial/peripheral nerve integrity \u2013Assess for involvement of the ulnar nerve with neural tension test(5) -Evaluate with the greatest tension on the nerve obtained through -shoulder depression -external rotation and abduction of the extremity -flexion at the elbow -supination at the forearm -extension at the wrist -neck lateral flexion to the opposite side -Assess median and radial nerve tension as indicated  \u2013Ergonomics/body mechanics : Assess repetitive movement technique (e.g., in sports) associated with pain for improper form that may contribute to underlying pathology \u2013Joint integrity and mobility : Assess for lateral and medial instability of the elbow (ulnar collateral ligament instability). Also assess radial/ulnar mobility",
            "anthropometric characteristics": "",
            "assistive and adaptive devices": "",
            "balance": "",
            "cardiorespiratory function and endurance": [],
            "circulation": "",
            "functional mobility": "",
            "gait locomotion": "",
            "muscle strength": " \u2013Muscle strength -Grip strength commonly is decreased due to pain.(3,5)Assess with hand dynamometer -See Special tests specific to diagnosis , below -A cervical screen should be completed to assist in ruling out neck pathology as the underlying source of pain; muscle test neck flexion, extension, lateral flexion, and rotation(6)",
            "observation inspection palpation including skin assessment": [
                "Observation/inspection/palpation  (including skin assessment) -Observe for muscle atrophy or hypertrophy when comparing extremities, which may be indicative of other causes of the medial elbow pain(17) -Is there any edema or erythema present?(15) -Patients typically have tenderness to palpation over the medial epicondyle(3,5)"
            ],
            "posture": "Evaluate general posture",
            "range of motion": "Measure ROM of upper extremities using goniometry.Assess cervical and shoulder ROM as part of upper quarter screen",
            "self-care activities of daily living": "",
            "reflex testing": "Compare the biceps, triceps, and brachioradialis reflexes of the affected extremity to the unaffected extremity to rule out nerve pathology(6)Does pain contribute to impaired function of involved upper extremity and affect ADLs?",
            "sensory testing": "Complete a dermatome scan (may test ability to perceive light touch, deep pressure, temperature, etc.)",
            "special tests specific to diagnosis": " \u2013Special tests specific to diagnosis -Ask the patient to extend elbow and allow for wrist to be passively extended; is there pain with this activity?(5) -Ask the patient to extend elbow and provide resistance as the wrist is moved into flexion; is pain present during this test?(3,5) -With medial epicondylitis, resisted wrist flexion and forearm pronation typically are painful(3) -Special tests utilized to assist in ruling out cervical pathology include (assess appropriateness of implementing these(6) -compression test -distraction test -Valsalva test -swallowing test -thoracic outlet testing -Tinel test for ulnar nerve -Disabilities of the Arm, Shoulder and Hand (DASH) Outcome Measure",
            "speech and language examination": "",
            "neurological examination": "",
            "oral structure and oral motor function": "",
            "perception": "",
            "arousal attention cognition": "",
            "aac assessment": "",
            "swallow examination": "",
            "tracheostomy examination": ""
        }
    },
    "assessment plan of care": {
        "contraindications precautions": {
            "cryotherapy contraindications": [],
            "cryotherapy precautions": [],
            "contraindications precautions": [
                "Clinicians should follow the guidelines of their clinic/hospital and what is ordered by the patient\u2019s physician. The summary presented below is meant to serve as a guide, not to replace orders from a physician or a clinic\u2019s specific protocols",
                "Cryotherapy  contraindications(6) -Raynaud\u2019s syndrome -Cryoglobulinemia  -Cold urticaria -Paroxysmal cold hemoglobinuria -Impaired circulation -Over area of nerve regrowth",
                "Cryotherapy  precautions(6) -Hypertension -Hypersensitivity to cold -Over an acute wound -Over superficial nerves",
                "Thermotherapy  contraindications(6) -Decreased circulation -Decreased sensation -Acute/subacute traumatic and inflammatory conditions -Skin infections -Impaired cognition or language barrier -Malignancy -Liniments or heat rubs -Presence of or tendency for hemorrhage or edema -Heat rubs",
                "Electrotherapy  contraindications/precautions(6) -Do not place electrodes near: -carotid bodies, cardiac pacemakers or implantable cardioverter defibrillators, phrenic nerve or urinary bladder stimulators, phrenic nerve, eyes, gonads -Osteomyelitis -Hemorrhage -Impaired sensation, mental status, communication -Cardiovascular disease -Malignancy -Dermatological conditions -Proximity of electromagnetic radiation -In pregnant women, near the pelvis, lumbar spine, hips, abdomen -In patients with stroke or seizures, near the neck -History of spontaneous abortion in pregnant women",
                "Therapeutic ultrasound  contraindications; do not use:(7) -Over the region of a cardiac pacemaker -Over the pelvis, abdominal, and lumbar regions during pregnancy -Over the eyes or testes -In an area with infection or bleeding -If a tumor or malignancy is present in the area -In the area of a deep vein thrombosis (DVT) or thrombophlebitis -Over the heart, stellate, or cervical ganglia -Over epiphyseal plates",
                "Therapeutic ultrasound  precautions(7) -Sensory deficits -Ineffective communication skills in a patient (e.g., impaired cognition, language barrier) -Circulatory impairments -Plastic or metal implants -Peripheral vascular disease -Always decrease ultrasound intensity if the patient complains of discomfort"
            ],
            "superficial heat is contraindicated with": [],
            "electrotherapy contraindications precautions include": [],
            "other": [
                "Only those contraindications/precautions applicable to this diagnosis are mentioned below, including with regard to modalities. Rehabilitation professionals should always use their professional judgment",
                "Evidence is lacking or controversial regarding the effectiveness of electrophysical modalities (e.g., ultrasound, laser, TENS, extracorporeal shock wave therapy) in epicondylalgia(14)",
                "Contraindications/precautions to use of modalities"
            ]
        },
        "diagnosis need for treatment": "Pain, edema, reduced strength, and reduced ROM with loss of function  Rule out  (2,13,15) Ulnar or medial collateral ligament sprain or tear Ulnar neuropathy Occult fracture Cervical radiculopathy Valgus extension overload syndrome Posteromedial elbow impingement Arthritis Shingles Osteochondritis dissecans Synovitis Myofascial pain complex Bone infection/tumors",
        "rule out": "",
        "prognosis": [
            "Treatment is less effective if provocative activity is not modified or eliminated. Patients are more likely to have successful treatment if pain is localized and they have no other upper extremity pain, can recall specific onset of pain, and are less symptomatic at rest than when performing provocative activities(4)",
            "The condition is usually self-limiting  and 80% of patients recover within 1 to 3 years(15)",
            "For patients who fail to improve with conservative treatment, surgery may be appropriate. After surgery, 80% of patients improve by at least 80%(4)",
            "Prognosis is worse with the following conditions:(2) \u2013When dominant hand is involved \u2013Persistent symptoms > 3 months \u2013Patient experiences high physical strain at work \u2013Patient experiences severe pain at presentation and concomitant neck pain"
        ],
        "referral to other disciplines": " Referral to other disciplines Physician for possible corticosteroid injection, surgical intervention Occupational therapist (OT) for ADLs or self-care  deficits resulting from pain",
        "other considerations": [
            "Local corticosteroid injection can reduce pain and inflammation(2,4,15)",
            "Autologous whole blood injection or platelet-rich  plasma is an option for treating musculoskeletal injuries, including medial epicondylitis, but additional research into efficacy is needed(12)"
        ],
        "treatment summary": [
            "Treatment in early or acute stage should focus on pain management with physical modalities (ultrasound, electrical stimulation, heat, ice, massage, phonophoresis, or referral for corticosteroid injection) followed by a gradual exercise program to improve strength and endurance of the wrist flexors(1,13)",
            "Transverse friction massage and kneading in conjunction with ultrasound to the common flexor tendon at the medial epicondyle may be more effective than ultrasound alone in decreasing pain and improving function in patients with ME(8) \u2013Based on an RCT in India \u2013Twenty patients with ME were randomized to ultrasound vs. ultrasound plus massage therapy \u2013The ultrasound and massage therapy were administered for 15 days \u2013The ultrasound plus massage therapy group had a greater decrease in pain than the ultrasound group \u2013The ultrasound plus massage therapy group was able to return to normal activities after 15 days whereas the ultrasound group was not",
            "Modalities, including iontophoresis, ESWT, massage, TENS, phonophoresis, and ultrasound, may be effective in decreasing symptoms of medial epicondylitis, but the evidence supporting their use is limited(15)",
            "Kinesiologytaping may improve pain but not wrist flexor strength in baseball pitchers with ME(9) \u2013Based on a Taiwanese research study of 10 baseball players with ME and 10 age-, weight-,  and height-matched  athletes without ME \u2013All participants received three types of taping: placebo, no taping, and kinesiology taping ",
            ". Problem Goal Intervention Expected Progression Home Program Pain and edema around medial epicondyleEliminate pain/edema Patient education _ Educate patient on the causes of ME and encourage patient to avoid aggravating activities for at least 6 weeks(3,10) _ _ Manual therapy _ Transverse friction massage to the flexor tendon(8) _ _ Physical agents and mechanical modalities _ Ice or ice massage as needed to decrease pain.(10) Do not place ice over ulnar nerve(10) _ _ _ Iontophoresis (see Treatment summary , above) _ _ Prescription, application of devices and equipment _ Provide and adjust generic wrist cock-up splint to allow inflamed muscles/tendons to rest(5) _ _ A counterforce brace may also be trialed(15) _ _ Modify activity as indicated by symptoms; avoid provocative activities(15)Discontinue use of modalities, splints, and braces as appropriateProvide strategies for home that address the patient\u2019s pain _ Instruct patient to ice area for 5\u201310 minutes 4\u20136 times a day and for 5\u201310 minutes following exercises(10)  Loss of elbow ROM Restore normal elbow ROMTherapeutic exercises _ Passive and active ROM exercises initiallyStretching, as indicated and tolerated, to tightened muscle groupsProvide strategies for home that address ROM/muscle tightness Loss of elbow/wrist strengthRestore normal upper extremity strengthTherapeutic exercises (5,10) _ Begin strengthening weakened musculature initially with isometrics. Gradually progress to resisted exercise (including eccentric exercise) as symptoms allow(3) _ _ It is important to note that the position of the upper extremity will impact the intensity of the activity _ _ Instruct the patient in exercises that will maintain/increase strength in muscle groups about the shoulder and scapulaThrower\u2019s program can help athletes safely participate in throwing activities and prevent injury or reinjury(11)Provide recommendations for home centered on muscle strengthening as indicated Loss of function of involved upper extremity/loss of ability to participate in sportReturn to prior level of function/sportFunctional training _ Modification of throwing/swinging technique for provocative sport; modification of other provocative activities as they pertain to the individualProgress each unique patient as appropriate and indicatedProvide activities/ instruction for home centered on return to function, as indicated ."
        ]
    },
    "desired outcomes outcome measures": {
        "reduced or eliminated pain and edema": [
            "V AS",
            "Circumferential limb measurements"
        ],
        "restored elbow rom": [
            "Goniometric measurements"
        ],
        "normalized upper extremity strength": [
            "MMT",
            "Dynamometry"
        ],
        "return to sport or prior level of function": [
            "DASH Outcome Measure",
            "Sport-specific  testing"
        ]
    },
    "maintenance or prevention": [
        "The following may reduce the risk of recurrence of ME(8,10) Regular, appropriate warm-up,  cool-down,  strengthening, and stretching activities Use of well-fitting  equipment Modification or elimination of provocative or exacerbating activities Limiting child pitchers to age-appropriate  types of pitches and number/frequency of pitches Throwing athletes should also strengthen the lower extremities and core muscles to improve kinetic chain and decrease stress on shoulder and elbow Use of appropriate techniques during sports"
    ],
    "patient education": [
        "See \u201cMedial Epicondylitis\u201d from the Medscape website at http://emedicine.medscape.com/article/97217-overview#showall",
        "See \u201cMedial Epicondylitis\u201d from American Society of Hand Therapists patient education resources at https://www.asht.org/ sites/default/files/docs/2018/Media%20Epicondylitis%202018.pdf",
        "See \u201cTherapeutic Exercise Program for Epicondylitis (Tennis Elbow/Golfer\u2019s Elbow) from American Academy of Orthopedic Surgeons (AAOS) at https://orthoinfo.aaos.org/globalassets/pdfs/a00790_therapeutic-exercise-program-for-epicondylitis_final.pdf Coding Matrix References are rated using the following codes, listed in order of strength: MPublished meta-analysis SRPublished systematic or integrative literature review RCTPublished research (randomized controlled trial) RPublished research (not randomized controlled trial) CCase histories, case studies GPublished guidelinesRVPublished review of the literature RUPublished research utilization report QIPublished quality improvement report LLegislation PGRPublished government report PFRPublished funded reportPPPolicies, procedures, protocols XPractice exemplars, stories, opinions GIGeneral or background information/texts/reports UUnpublished research, reviews, poster presentations or other such materials CPConference proceedings, abstracts, presentation"
    ],
    "references": [
        {
            "number in article": 1,
            "reference": "Amin NH, Kumar NS, Schickendantz MS. Medial epicondylitis: evaluation and management. J Am Acad Orthop Surg . 2015;23(6):348-355.  (R)"
        },
        {
            "number in article": 2,
            "reference": "Dasilva MF, Lemme NJ. Epicondylitis. In: Ferri FF, ed. Ferri\u2019s Clinical Advisor 2021: 5 Books in 1 . Philadelphia, PA: Elsevier; 2021:527. (GI)"
        },
        {
            "number in article": 3,
            "reference": "Finnoff JT. Musculoskeletal disorders of the upper limb. In: Cifu DX, ed. Braddom\u2019s Physical Medicine and Rehabilitation . 6th ed. Philadelphia, PA: Elsevier Saunders; 2021:715-726.  (GI)"
        },
        {
            "number in article": 4,
            "reference": "Hotchkiss RN. Epicondylitis \u2013 lateral and medial. A problem-oriented  approach. Hand Clin . 2000;16(3):505-508.  (PP)"
        },
        {
            "number in article": 5,
            "reference": "Kisner C, Colby LA. The elbow and forearm complex. In: Kisner C, Colby LA, Borstad JB, eds. Therapeutic Exercise: Foundations and Techniques . 7th ed. Philadelphia, PA: FA Davis; 2018:623-665.  (GI)"
        },
        {
            "number in article": 6,
            "reference": "Hoppenfeld S. Physical Examination of the Spine and Extremities . New York, NY: Appleton-Century-Crofts;  1976. (GI)"
        },
        {
            "number in article": 7,
            "reference": "Bellew JW, Michlovitz JL, Nolan TP Jr, eds. Michlovitz\u2019s Modalities for Therapeutic Intervention . 6th ed. Philadelphia, PA: FA Davis; 2016. (GI)"
        },
        {
            "number in article": 8,
            "reference": "Lamba D, Pant VS, Joshi M, Sah H, Mahara M. A comparison study of the effects of massage therapy with and without ultrasonic therapy in medial epicondylitis. Indian J Physiother Occup Ther . 2011;5(2):54-57.  (RCT)"
        },
        {
            "number in article": 9,
            "reference": "Chang HY, Wang CH, Chou KY, Cheng SC. Could forearm Kinesio Taping improve strength, force sense, and pain in baseball pitchers with medial epicondylitis?. Clin J Sport Med. 2012;22(4):327-333.  (R)"
        },
        {
            "number in article": 10,
            "reference": "Gibbs SJ, Dauber KS. Physical medicine and rehabilitation for epicondylitis. Medscape reference Web site. http://emedicine.medscape.com/article/327860-overview . Published August 30, 2018. (RV)"
        },
        {
            "number in article": 11,
            "reference": "Dowling B, McNally MP, Chaudhari AMW, O\u00f1ate JA. A review of workload-monitoring  considerations for baseball pitchers. J Athl Train . 2020;55(9):911-917. doi:10.4085/1062-6050-0511-19.  (RV)"
        },
        {
            "number in article": 12,
            "reference": "Tarpada SP, Morris MT, Lian J, Rashidi S. Current advances in the treatment of medial and lateral epicondylitis. J Orthop. February 2, 2018;15(1):107-110.  doi:10.1016/ j.jor.2018.01.040. (RV)"
        },
        {
            "number in article": 13,
            "reference": "Weiss LD, Weiss JM. Medial epicondylitis. In: Frontera WR, Silver JK, Rizzo TD, eds. Essentials of Physical Medicine and Rehabilitation . 4th ed. Philadelphia, PA: Elsevier Saunders; 2019:128-130.  (GI)"
        },
        {
            "number in article": 14,
            "reference": "Dingemase R, Randsdorp M, Koes BW, Huisstede BM. Evidence for the effectiveness of electrophysical modalities for treatment of medial and lateral epicondylitis: a systematic review. Br J Sports Med . 2014;48(12):957-965.  doi:10.1136/bjsports-2012-091513.  (SR)"
        },
        {
            "number in article": 15,
            "reference": "Reece CL, Sumarski A. Medial Epicondylitis. StatPearls . Treasure Island, FL: StatPearls Publishing; 2021. (GI)"
        },
        {
            "number in article": 16,
            "reference": "Pytiak AV, Stearns P, Bastrom TP, et al. Are the current Little League pitching guidelines adequate? a single-season  prospective MRI study. Orthop J Sports Med . May 19, 2017;5(5):2325967117704851. doi:10.1177/2325967117704851. (R)"
        },
        {
            "number in article": 17,
            "reference": "Brady C, Dutta A. Medial epicondylitis and medial elbow pain syndrome: current treatment strategies. J Musculoskelet Disord Treat . 2016;6:14. (RV) "
        }
    ]
}