{
    "metadata": {
        "title": "Feldenkrais Method (FM)",
        "synonyms": [
            "feldenkrais exercises",
            "awareness through movement (atm)",
            "functional integration (fi), feldenkrais",
            "feldenkrais bodywork"
        ],
        "anatomical location body part affected": [],
        "area of specialty": [
            "pulmonary rehabilitation",
            "neurological rehabilitation",
            "orthopedic rehabilitation",
            "geriatric rehabilitation"
        ],
        "description": [
            "Considered a form of complementary and alternative medicine, the FM is a movement-education  technique designed to promote physical function and well-being. Developed by Moshe Feldenkrais, a physicist, engineer, and judo practitioner, in response to a knee injury for which surgery was suggested, the core principle is to first improve one\u2019s kinesthetic and proprioceptive self-awareness via guided practice and ultimately to transform unhealthy habits, movements, and postures into movements that are comfortable and easy(1)",
            "The underlying theory is that poor habitual movement patterns result in injury and pain and that multiple repetitions that concern the entire body lay down new neuromuscular patterns(2)",
            "FM is an experiential process or set of processes in which the client or group(3) \u2013is guided through a series of movement and sensation-based explorations \u2013practices sensing the differences between two or more options to achieve a task \u2013discerns and judges which option is more positive (easier, pleasurable, less effort) \u2013is encouraged to find further distinctions and improvements to apply in the learning framework",
            "It is a process in which the client(4) \u2013creates an environment that is comfortable, safe, and conducive to creating the movement \u2013greatly reduces the amount of effort required for that movement by making fine discriminations about the effects of force acting on the system from inside and/or outside \u2013has as a goal to develop a rich understanding of changes throughout the system produced by small perturbations(4)",
            "Two delivery methods are offered to the public \u2013 Awareness Through Movement (ATM) and Functional Integration (FI). They differ in practice but are similar in principle and process \u2013ATM -Group, verbally directed classes(3) -Participants are encouraged to move at their own pace and to experiment(1,5) -Client introduces the experimental forces into his or her own system with the intention of understanding how the body as a whole responds(4) -At no time are the students told how to do a movement; instead, they are allowed to discover how to embody the movement(6)  -Nearly all lessons (around 100 total) involve attention, perception, imagination, and cognition(6) \u2013FI -A hands-on  approach to facilitate movement and awareness(5) -Instructor provides more active assistance with the discovery process by gently and precisely moving the student(1) -The instructor provides the force inputs and the client attends to the changes caused by the perturbations(4) -Much of the learning takes place at the neurological level as the nervous system receives sensory information(6) -There is no strict expectation by the practitioner about what specific movement might emerge(4) -Sessions often take place on firm Feldenkrais table or on floor(6) -This method may include some soft-tissues  work to relieve excessive muscle tension, spasm, or muscle tightness(7) \u2013In practice and if possible, it is common to move back and forth between ATM and FI(4)",
            "The FM places emphasis on relaxation of muscles on stretch and distracting and compressing joints for sensory awareness, which reflect combined proprioceptive techniques to enhance body schema awareness(8) \u2013Taking muscles off stretch slows afferent firing, which decreases overload of the CNS \u2013Compression and distraction of joints enhances specific input from a body part and combines it with facilitating input of lesser intensity from other body segments",
            "ATM can be considered a form of relaxation training as it combines sensory awareness, movements of the limbs and trunk, deep breathing, conscious relaxation procedures, and self-massage  to alter muscle imbalances and abnormal posture in the interest of remediating muscle tension and pain(9)"
        ],
        "indications": [],
        "ICD-9 codes": {},
        "ICD-10 codes": {},
        "ICD-11": {},
        "G-codes": {},
        "CPT codes": {
            "97110": "- Therapeutic Exercise",
            "97112": "- Neuromuscular Reeducation",
            "97530": "\u2013 Therapeutic Activities \u2013 One-on-one patient contact"
        },
        "HCPCS codes": {},
        "reimbursement": [
            "Most insurance plans do not cover the FM. Exceptions can be workers\u2019 compensation, automobile insurance cases, or cases in which the practitioner teaching the technique is also a physical therapist (PT)(5) Indications for Feldenkrais Method"
        ],
        "presentation signs and symptoms": [],
        "contraindications precautions to test": [
            "For detailed information on the examination of specific conditions for which FM is being recommended, see the Clinical Review  associated with each condition"
        ],
        "psychometric properties": [],
        "potential complications adverse effects": [],
        "test preparation materials required": [],
        "test procedure": [],
        "test scoring interpretation": []
    },
    "causes & risk factors": {},
    "indications for procedure": [],
    "overall contraindications precautions": [],
    "contraindications precautions to procedure": {},
    "guidelines for use of procedure": {},
    "examination": {
        "contraindications precautions to examination": [
            "For detailed information on the examination of specific conditions for which FM is being recommended, see the Clinical Review  associated with each condition"
        ],
        "history": {
            "history of present illness": {
                "mechanism of injury or etiology of illness": "Document the history of the condition that has led to the discussion of FM as a form of treatment",
                "course of treatment": {
                    "medical management": "Document the medical management of the condition. Document if the FM is being suggested as an adjunct to the medical management of the condition",
                    "surgical management": [],
                    "medications": "Determine what medications clinician has prescribed for the condition; are they being taken? Are they effectively controlling symptoms? Depending on the condition, patients may be on a variety of medications",
                    "diagnostic tests completed": [
                        "Diagnostic tests completed:  Tests required will depend on the condition for which the FM method is being considered"
                    ],
                    "alternative therapies": "Document any use of home remedies (e.g., ice or heating pack) or alternative therapies (e.g., acupuncture) and whether they help. Document whether the patient has tried the FM in the past or similar movement education techniques (e.g., Alexander technique) and, if the patient has, document the reason the technique was chosen and the response to it",
                    "previous therapy": "Document whether patient has had occupational or physical therapy for this or other conditions and what specific treatments were helpful or not helpful"
                },
                "aggravating easing factors": "Document factors and length of time each item is performed before the symptoms of the condition come on or are eased",
                "body chart": "Use body chart to document location and nature of symptoms, as indicated ",
                "nature of symptoms": "Document nature of symptoms associated with condition for which the FM is being considered (constant vs. intermittent, sharp, dull, aching, burning, numbness, tingling)",
                "rating of symptoms": "Use a visual analog scale (V AS) or 010  scale to assess symptoms at their best, worst, and at the moment (specifically, address if pain is present now and how much)",
                "pattern of symptoms": "Document changes in symptoms throughout the day and night, if any (AM, mid-day, PM, night); also document changes in symptoms due to weather or other external variables",
                "sleep disturbance": "Document number of wakings/night that are associated with condition",
                "other symptoms": "Document other symptoms patient may be experiencing that could exacerbate the condition and/or symptoms that could be indicative of a need to refer to physician",
                "respiratory status": "If condition has effect on breathing, be sure to record baseline measurements and any use of supplemental oxygen; obtain any pulmonary function test results -Are there any barriers to learning? Yes__ No__ -If Yes, describe_________________________"
            },
            "medical history": {
                "past medical history": {
                    "previous history of same similar diagnosis": "",
                    "comorbid diagnoses": "Ask patient about other problems including diabetes, cancer, cardiovascular disease, complications of pregnancy, psychiatric disorders, and orthopedic disorders",
                    "medications previously prescribed": "Obtain a comprehensive list of medications prescribed and/or being taken (including OTC drugs)",
                    "other symptoms": "Ask patient about other symptoms he/she may be experiencing"
                }
            },
            "social and occupational history": {
                "patient\u0432\u0402\u2122s goals": "",
                "vocation avocation and associated repetitive behaviors, if any": "Document if the current condition is limiting the patient\u2019s ability to participate at work, school, or in hobbies",
                "functional limitations assistance with ADLs adaptive equipment": "Document if the patient is currently experiencing functional limitations associated with the condition and/or requiring the use of assistive or adaptive equipment",
                "living environment": "Document number of stairs, number of floors in home, with whom patient lives, caregivers, etc., if applicable; identify if there are barriers to independence in the home and if any modifications are necessary"
            }
        },
        "relevant tests and measures": {
            "general": " \u203aRelevant tests and measures  (While tests and measures are listed in alphabetical order, sequencing should be appropriate to patient medical condition, functional status, and setting)",
            "anthropometric characteristics": "Document patient\u2019s height, weight, and BMI; measure for leg-length  discrepancy as indicated",
            "assistive and adaptive devices": "Document what assistive and adaptive devices are being used, if applicable",
            "balance": "Evaluate both dynamic and static balance with Romberg test or single limb stance (eyes open and eyes closed) and with Functional Reach Test (FRT), Berg Balance Scale, or other appropriate measures for the condition",
            "cardiorespiratory function and endurance": [],
            "circulation": "Check peripheral pulses as indicatedAssess if indicated by conditionAssess transfers on and off Feldenkrais table if applicable and getting up from floor if patient is considering ATM. Timed Up and Go (TUG) test or FIM may be used if appropriate to condition",
            "functional mobility": "",
            "gait locomotion": "Assess for any deviations due to condition. Document gait speed and other gait parameters if indicated. Utilize Dynamic Gait Index (DGI) to assess gait safety if indicatedAssess joint mobility throughout extremities and spine and note any areas of hypo-  or hypermobilityCareful examination of abnormal movements and postures as well as assessment of tone ",
            "muscle strength": "Manual muscle testing (MMT) can be used to assess upper and lower extremity (LE) strength as indicated",
            "observation inspection palpation including skin assessment": [],
            "posture": "Thoroughly assess patient\u2019s posture and note any abnormalities or deviations",
            "range of motion": "Assess ROMof all joints and flexibility of applicable muscles, noting any limitations that may interfere with a person\u2019s ability to participate in FM or that require attention or could benefit from specific FM exercises",
            "self-care activities of daily living": "",
            "reflex testing": "",
            "sensory testing": "Assess as indicated by condition",
            "special tests specific to diagnosis": "Utilize appropriate special test for the condition \u2013Due to the broad range of applications of the FM, researchers in Australia used a pre/post-test  design to establish that the Patient-specific  Functional Scale(PSFS), Pain Outcome Profile (POP), and Short Form 12v2 Health Questionnaire were suitable for detecting changes in client function before and after a series of Feldenkrais sessions(12) -Eleven Feldenkrais practitioners submitted data on 48 clients. Each practitioner administered the three questionnaires before starting a Feldenkrais session and then repeated the questionnaires after the session -Practitioners and clients found the tools quick and easy to use and practitioners reported that the PSFS was the most useful questionnaire in practice -On the PSFS, which measures ability to perform everyday tasks, clients improved, on average, 3.8 points -On the POP, which measures decreases in pain, clients had significant improvement in current pain, physical index, and affective index; and on the Short Form 12v2, which measures quality of life, clients showed significant improvement in six of the eight domains",
            "speech and language examination": "",
            "neurological examination": "",
            "oral structure and oral motor function": "",
            "perception": "",
            "arousal attention cognition": "Assess orientation to name, place, time, and situation; attention, short-  and long-term  memory; and problem solving, as indicated. Take into consideration the importance of attention to movement during the FM exercise before suggesting",
            "aac assessment": "",
            "swallow examination": "",
            "tracheostomy examination": ""
        }
    },
    "assessment plan of care": {
        "contraindications precautions": {
            "cryotherapy contraindications": [],
            "cryotherapy precautions": [],
            "contraindications precautions": [],
            "superficial heat is contraindicated with": [],
            "electrotherapy contraindications precautions include": [],
            "other": [
                "Patients with a diagnosis for which this procedure is used may be at risk for falls. Ensure that patient and family/ caregivers are aware of the potential for falls and educated about fall-prevention  strategies. Discharge criteria should include independence with fall-prevention  strategies"
            ]
        },
        "diagnosis need for treatment": " The FM method has been applied in varied domains across countries, from general education of children with learning issues to enhancing performance in sports and theater. It is of interest clinically due to the appeal of basing a health recovery process on a learning paradigm and the empowerment that follows(3) Pain, poor posture, fall proneness, movement disorders, stiffness, poor self-efficacy  in dealing with chronic pain, poor body awareness, quality of life with chronic disease, poor lung function",
        "rule out": "",
        "prognosis": [],
        "referral to other disciplines": "As needed depending on condition",
        "other considerations": [
            "Researchers in France using functional MRI during an FM intervention on the foot in 21 adults came to the following conclusions:(13) \u2013Short, non-intrusive  sensorimotor intervention performed during an FM session can have short-term  effects on spontaneous cortical activity in functionally related brain regions \u2013A global intervention (practitioner focused on connection between foot and body) demonstrated increased resting state activity in higher-order  motor areas of the participant when compared to local intervention (practitioner focused on foot and ankle), supporting the hypothesis of engagement of action-related  neural processes during global interventions",
            "Authors of a survey of 392 United States Guild Certified Feldenkrais Teachers found the following characteristics (response rate was 30.5% or 392/1,287)(11) \u2013Ninety percent had college degrees \u201336.2% or 142 held conventional healthcare licenses, of whom 93 were PTs, 15 were occupational therapists, and 5 were nurses \u2013Mean age was 55.7 years \u2013Eighty-three  percent were women and most practiced in California (n = 100) and New York (n = 34) \u2013Most were in part-time  practice and saw < 10 students per week individually and < 10 students per week for group lessons \u2013Their students tended to be women, 45\u201364  years old, who sought lessons due to pain. A quarter of students self-referred,  a fifth were referred by conventional healthcare providers, and two-thirds  paid for services directly ",
            "Teachers, Assistant Trainers, Trainers \u2013Training programs for FM teachers are held throughout the world (30 countries) and follow international accreditation standards(6) -The Feldenkrais Guild of North America governs the FM in the United States(5) -Training programs for teachers are accredited and require about 1,200 hours of training that occurs over 3 to 4 years -FM, anatomy, biomechanics, and communication techniques are covered, with a significant portion of the program being hands-on  and with the practitioner-in-training  being the student \u2013According to the FM website in Australia, there are 4 certified trainers and 16 assistant trainers in Australia and 4 assistant trainers in Japan ( https://www.feldenkrais.org.au/ )"
        ],
        "treatment summary": [
            "There is not much evidence-based  literature evaluating the efficacy of the FM(1,2,3,4)",
            "Researchers who conducted a qualitative content analysis study of the 16 lessons of the \u201cGetting Grounded Gracefully\u201d series (an ATM-based program designed to improve balance and mobility in older adults) concluded that the FM contained many elements consistent with current theories of motor skill acquisition and postural control(10) \u2013Lessons were transcribed and analyzed for movement tasks that were then coded by two coders according to the motor learning principles and/or postural control tasks present. Inter-coder  reliability was reported as good \u2013Content analysis revealed the following motor skill acquisition elements and postural control skills: -Motor skill acquisition elements \u2013 internal feedback, repetition, variability of practice using exploratory learning approach -Postural control skills \u2013 intersegmental coordination of ankle/hip/trunk synergies, control of center of mass over base of support \u2013Key findings: -Extensive involvement of trunk flexibility and control in balance activities -Intensive attention to internal feedback which was linked to body awareness training",
            "Applications for older adults \u2013Feldenkrais exercises result in positive changes in balance, mobility, fear of falls, and balance confidence(14) -Based on a stratified RCT conducted in the United States with 47 older adults (mean age 75.6) assigned to either intervention or control group -Intervention was 3 one-hour  Feldenkrais sessions a week for 5 weeks using the ATM technique that were taught by a certified Feldenkrais teacher. The focus of the exercises was improving balance and mobility. The control group was a wait-list  control -Outcome measures were tandem stance for balance, TUG and TUGc (TUG with added cognitive task) for mobility, GAITRite Walkway system for gait parameters, ABC for balance confidence, and Falls Efficacy Scale for fear of falling -Balance and mobility significantly increased while fear of falling decreased in intervention group. Balance confidence and mobility showed significant improvements while performing a cognitive task -Authors suggested further studies with more total treatments to evaluate effectiveness of Feldenkrais exercises long-term.  Studies comparing FM to other interventions that improve balance and prevent falls would be valuable \u2013Both Pilates and the FM are effective in improving balance and decreasing propensity to fall in ambulatory older adults although Pilates was found to be superior in improving quality of life (QoL)(15) -Based on an RCT conducted in India with 60 ambulatory older adults living in nursing homes who were assigned to either Pilates intervention (PI), FM intervention, or control group -Intervention was thrice weekly for 6 weeks: PI was 45\u201360  minutes of exercises, FM was ATM method with 5 lessons (10 repetitions with 2-minute  rest between exercises), and control group walked for a total of 22 minutes -Outcome measures were Functional Reach Test (FRT), TUG, DGI, and RAND-36  Measure of Health-Related Quality of Life, measured at baseline and after 6 weeks of training -PI and FM groups were significantly better than controls in all outcome measures; however, PI was found to be more clinically effective when compared to FM in all outcome scores \u2013In a similar non-randomized  study from Australia, researchers suggested that a FM balance class may improve mobility and balance in older adults(16) -Twenty-six  community-dwelling  older adults who had signed up for FM balance classes (again using the program \u201cGetting Grounded Gracefully\u201d for a total of 20 treatments) as part of a falls-prevention  program were compared to 37 controls who volunteered in response to an advertisement for participants in a balance study  -Baseline measures were similar except that control group had significantly more confidence in their balance as measured by ABC questionnaire -Main outcome measures were ABC questionnaire, Four Square Step Test, and self-selected  gait speed (using GAITRite instrumented gait mat). Compared to control group, FM group made significant improvement in all outcome measures \u2013A series of FM classes, twice a week for 30 weeks, taken by 15 patients with osteoarthritis (average age 67) improved performance on the Four Square Step Test and on some gait parameters (anterior pelvic tilt reduction, increased knee extension at heel contact, and knee flexion at swing). Participants also reported greater ease of movement in this Australian study(17)",
            "Applications for pain disorders \u2013The FM was an effective intervention for 61 patients with chronic neck/scapular pain and visual impairment according to an RCT conducted in Sweden(18) -Patients with visual impairment were chosen because of the hands-on  communication inthe FM which could benefit this population -Intervention was one 2-hour  session a week for 12 weeks held by an experienced licensed FM PT. FM was applied in both forms (ATM and FI) with the aim of increasing awareness of sensory afferents, exploring habitual but unconscious muscular patterns, breaking stereotyped movement patterns, and enabling self-care  for pain -Outcome measures were the V AS (during standardized palpation of the left and right occipital, upper trapezius, and levator scapulae muscles), the self-assessed  degree of pain on the Visual, Musculoskeletal, and Balance Complaints questionnaire, and the Medical Outcomes Study 36-item  Short-Form  Health Survey (SF-36)  bodily pain scale -Patients undergoing FM reported significantly less pain than the controls according to the V AS and Visual, Musculoskeletal, and Balance Complaints questionnaire ratings at post-treatment  follow-up and 1-year  follow-up \u2013Authors of a 2011 systematic review examining the effectiveness of the FM in preventive and symptomatic treatment of LBP in adults concluded that available studies do not prove the effectiveness of the FM(19) -The authors could find only 2 articles that met inclusion criteria \u2013Researchers who conducted a 2017 RCT comparing FT and back school found no difference in outcomes for patients with nonspecific chronic LBP(24) -Based on a study of 53 patients in Italy with chronic LBP -Patients were randomly assigned to either a 3-month back school or a 3-month  FM program -Outcome measures were V AS, McGill Pain Questionnaire (MPQ), Waddell Disability Index, Short Form-36 Health Survey (SF-36),  and Multidimensional Assessment of Interoceptive Awareness Questionnaire (MAIA) -The researchers found no differences in outcomes at end of program or at 3-month  follow-up  and suggested that FM could be used as an alternative to back school \u2013Authors of two qualitative studies evaluated the FM in adults with chronic pain and found benefits other than pain relief -Improvements in movement ability and body awareness were themes described in the diaries and interviews conducted with 14 women with non-specific  neck and shoulder pain who attended 10 group sessions over 6\u20137 weeks in a study in Sweden(20) -The authors did note that participants found the exercises difficult to perform utilizing self-training  on a daily basis -Improved self-efficacy  through somatic education and awareness was the theme identified through semi-structured interviews with 11 adults with chronic-episodic  back pain who had been attending ATM lessons in the FM method in Australia(21) -The authors credited individuals\u2019 perception of having control of their back pain by awareness through movement as empowering",
            "Neurological disorders \u2013Findings from an RCT conducted in Brazil on the effects of FM-based  exercise on QoL and depression in older adults with Parkinson\u2019s disease (PD) indicated that a program based on the FM can contribute to the QoL of patients with PD and decrease the rate of depression(22) -Thirty patients randomly assigned to intervention and control. Intervention group underwent 50 sessions (twice a week for 25 weeks) of a PT program based on FM with emphasis on chosen ways to breathe, roll, sit, stand, squat, and walk easily and efficiently -The control group received 1 week of educational lectures(fall prevention, medication use, managing ADLs) immediately after baseline assessment  -Both groups assessed at baseline and at conclusion of intervention. Outcome measures were the Parkinson\u2019s Disease Quality of Life (PDQL) questionnaire and the Beck Depression Inventory -Authors suggest that the success of the FM indicates the importance of interventions that work with awareness of movement for the promotion of wellness for patients with PD",
            "COPD \u2013The FM significantly improved functional capacity and lung function among patients with COPD in an 8-week  study conducted in Malaysia(23) -Based on an observational pilot study with 11 patients with COPD attending ATM classes. Activities included relaxation exercises, breathing exercises, floor exercises for trunk and pelvic movements, and upper limb movements -It was not clear from study how many treatments per week but descriptions of the lessons would imply one session per week of about one-hour duration -Outcome measures were 6MWT for functional capacity, forced expiratory volume in 1-s, predicted percent (FEV1 pred %) for lung function, and Health-Related Quality of Life questionnaire",
            "See Description and Indications for Feldenkrais method and Guidelines for use of Feldenkrais method above . Problem Goal Intervention Expected Progression Home Program Poor posture, mobility, with fear of falling and decreased balance confidence in older adults _ _ Chronic pain _ _ Decreased self-efficacy _ _ Decreased movement and body awareness _ _ Lack of motor control _ Depression, decreased quality of life due to chronic illness (PD, MS, etc.) _ COPDImprovements in posture, mobility with less fear of falling and increased balance confidence _ Decreased pain _ Improved self-efficacy and empowerment _ Increase in body movement and awareness _ Increase in motor control _ Less depression and improved quality of life _ _ Improved lung functionTherapeutic Strategies:  FM lessons with focus to first improve one\u2019s kinesthetic and proprioceptive self- awareness via guided practice, and ultimately to transform unhealthy habits, movements, and postures into movements that are comfortable and easy(1) _ \u201cGetting Grounded Gracefully\u201d for older adultsProgression is decided by teacher and patient as goals are metGenerally, not done as treatment dependent on certified teacher. One study did report that participants found the exercises difficult to perform as self-training on a daily basis(20) ."
        ]
    },
    "desired outcomes outcome measures": {
        "improvements in posture; mobility with less fear of falling and increased balance confidence in older adults": [
            "Tandem stance",
            "TUG and TUGc",
            "Gait parameters",
            "ABC for balance confidence",
            "Falls Efficacy Scale for fear of falling",
            "FRT",
            "DGI",
            "Timed Sit to Stand (3 times) or Five times sit to stand(FTSTST)",
            "Four-Square  Step Test",
            "Berg Balance Scale"
        ],
        "reduction in pain in functional activities": [
            "V AS scale",
            "Patient-specific  Functional Scale (PSFS)",
            "Pain Outcome Profile (POP)"
        ],
        "increased self-efficacy,  sense of empowerment": [
            "Interviews, diaries"
        ],
        "increased movement and body awareness, motor control": [
            "Movement assessment, ROM, patient report, FIM"
        ],
        "less depression and improved quality of life in patients with chronic illness": [
            "RAND-36  Measure of Health-Related  Quality of LifeBeck Depression Inventory",
            "PDQL",
            "Short Form 12v2 Health Questionnaire",
            "SF-36"
        ],
        "improved lung function in copd patients": [
            "6MWT",
            "Forced expiratory volume in 1-s"
        ]
    },
    "maintenance or prevention": [
        "The following groups of people tend to benefit from the FM:(5) High-performing  individuals \u2013 athletes, artists, actors, musicians, dancers, martial arts participants, singers, computer operators, equestrian riders Individuals interested in improving their particular physical state or seeking personal enlightenment"
    ],
    "patient education": [
        "Various Feldenkrais organizations across the world have FM information North America \u2013 Feldenkrais Guild of North America \u2013 https://www.feldenkrais.com/ Australia, Japan \u2013 Australian Feldenkrais Guild \u2013https://www.feldenkrais.org.au/ Israel and Europe \u2013European  and Israeli Feldenkrais Training and Accreditation Board, known as EuroTAB \u2013http:// www.eurotab.org/ Coding Matrix References are rated using the following codes, listed in order of strength: MPublished meta-analysis SRPublished systematic or integrative literature review RCTPublished research (randomized controlled trial) RPublished research (not randomized controlled trial) CCase histories, case studies GPublished guidelinesRVPublished review of the literature RUPublished research utilization report QIPublished quality improvement report LLegislation PGRPublished government report PFRPublished funded reportPPPolicies, procedures, protocols XPractice exemplars, stories, opinions GIGeneral or background information/texts/reports UUnpublished research, reviews, poster presentations or other such materials CPConference proceedings, abstracts, presentation"
    ],
    "references": [
        {
            "number in article": 1,
            "reference": "Plastaras C, Schran S, Kim N, Darr D, Chen MS. Manipulative therapy (Feldenkrais, massage, chiropractic manipulation) for neck pain. Curr Rheumatol Rep . 2013;15(7):339. (GI)"
        },
        {
            "number in article": 2,
            "reference": "Wolf CJ, Brault JS. Manipulation, traction and massage. In: Cifu DX, ed. Braddom\u2019s Physical Medicine & Rehabilitation . 5th ed. Philadelphia, PA: Elsevier; 2015:364. (GI)"
        },
        {
            "number in article": 3,
            "reference": "Hillier S, Worley A. The effectiveness of the Feldenkrais Method: a systematic review of the evidence. Evid Based Complement Alternat Med . 2015;2015:752160. (M)"
        },
        {
            "number in article": 4,
            "reference": "Umphred DA, Galantino ML. Complementary and alternative therapies: beyond traditional approaches to intervention in neurological diseases and movement disorders. In: Umphred\u2019s Neurological Rehabilitation . 6th ed. St. Louis, MO: Elsevier Mosby; 2020:1060-1098.  (GI)"
        },
        {
            "number in article": 5,
            "reference": "Jain S, Janssen K, Decelle S. Alexander technique and Feldenkrais method: a critical overview. Phys Med Rehabil Clin N Am . 2014;15(4):811-825.  (GI)"
        },
        {
            "number in article": 6,
            "reference": "Feldenkrais M. Awareness through movement: Health exercises for personal growth. In. New York, NY: Harper & Row; :1977. (GI)"
        },
        {
            "number in article": 7,
            "reference": "Wyszynski M. Lifestyle. The Feldenkrais Method for people with chronic pain. Pain Pract . 2010;20(1):56-61.  (GI)"
        },
        {
            "number in article": 8,
            "reference": "Lazaro RT, Quiben MU, Reina-Guerra  SG. Interventions for clients with movement limitations. In: Umphred DA, Burton GU, Lazaro RT, Roller ML, eds. Umphred\u2019s Neurological Rehabilitation . 6th ed. St Louis, MO: Elsevier Mosby; 2020:174-204.  (GI)"
        },
        {
            "number in article": 9,
            "reference": "Kisner C, Colby LA. Adjuncts to stretching interventions. In: Therapeutic Exercise . Philadelphia, PA: FA Davis Company; 2012:101. (GI)"
        },
        {
            "number in article": 10,
            "reference": "Connors KA, Galea MP, Said CM, Remedios LJ. Feldenkrais Method balance classes are based on principles of motor learning and postural control retraining: a qualitative research study. Physiotherapy . 2010;96(4):324-336.  (R)"
        },
        {
            "number in article": 11,
            "reference": "Buchanan PA, Nelsen NL, Geletta S. United States Guild Certified Feldenkrais Teachers\u00a9: a survey of characteristics and practice patterns. BMC Complement Altern Med . 2014;14:217. . (R)"
        },
        {
            "number in article": 12,
            "reference": "Connors KA, Pile C, Nichols ME. Does the Feldenkrais Method make a difference? An investigation into the use of outcome measurement tools for evaluating changes in clients. J Bodyw Mov Ther . 2011;15(4):446-452.  (R)"
        },
        {
            "number in article": 13,
            "reference": "Verrel J, Almagor E, Schumann F, Lindenberger U, Kuhn S. Changes in neural resting state activity in primary and higher-order  motor areas induced by a short sensorimotor intervention based on Feldenkrais Method. Front Hum Neurosci . 2015;9:232. (R)"
        },
        {
            "number in article": 14,
            "reference": "Ullman G, Williams HG, Hussey J, Durstine JL, McClenaghan BA. Effects of Feldenkrais exercises on balance, mobility, balance confidence and gait performance in community-dwelling  adults age 65 and older. J Altern Compliment Med . 2010;16(1):97-105.  (RCT)"
        },
        {
            "number in article": 15,
            "reference": "Nambi G, Trivedi PS, Momin SM, Patel S, Pancholi DP. Comparative effect of Pilates and Feldenkrais intervention on functional balance and quality of life in ambulatory geriatric population: a randomized controlled study. Int J Health Sci Res . 2014;4(3):71-77.  (R)"
        },
        {
            "number in article": 16,
            "reference": "Connors KA, Galea MP, Said CM. Feldenkrais method balance classes improve balance in older adults: a controlled trial. Evid Based Complement Alternat Med . 2011;2011:873672. (R)"
        },
        {
            "number in article": 17,
            "reference": "Webb R, Cofre Lizama LE, Galea MP. Moving with ease: Feldenkrais method classes for people with osteoarthritis. Evid Based Complement Alternat Med . 2013;2013:1-12.  (R)"
        },
        {
            "number in article": 18,
            "reference": "Lundqvist LO, Zetterlund C, Richter HO. Effects of Feldenkrais method on chronic neck/scapular pain in people with visual impairment: a randomized controlled trial with one-year follow-up.  Arch Phys Med Rehabil . 2014;95(9):1656-1661.  (RCT)"
        },
        {
            "number in article": 19,
            "reference": "Rondoni A, Bertozzi L. Effectiveness of the Feldenkrais method in the improvement of health status in adult patients with low back pain or at risk of developing it. [Italian]. Sci Riabil. 2009;11(3):5-14.  (SR)"
        },
        {
            "number in article": 20,
            "reference": "Ohman A, Astrom L, Malmgren-Olsson  EB. Feldenkrais therapy as group treatment for chronic pain \u2013 a qualitative evaluation. J Bodyw Mov Ther . 2011;15(2):153-161.  (R)"
        },
        {
            "number in article": 21,
            "reference": "Pugh JD, Williams AM. Feldenkrais method empowers adults with chronic back pain. Holist Nurs Pract . 2014;28(3):171-183.  (R)"
        },
        {
            "number in article": 22,
            "reference": "Teixeira-Machado  L, Araujo FM, Cunha FA, Menezes M, Menezes T, Melo DeSantana J. Feldenkrais method-based  exercise improves quality of life in individuals with Parkinson\u2019s disease: a controlled, randomized clinical trial. Altern Ther Health Med . 2015;21(1):8-14.  (RCT)"
        },
        {
            "number in article": 23,
            "reference": "Ramli A, Leonard JH, Harun R. Preliminary evidence on the Feldenkrais method as an alternative therapy for patients with chronic obstructive pulmonary disease. Focus Altern Complement Ther . 2013;18(3):126-132.  (R)"
        },
        {
            "number in article": 24,
            "reference": "Paolucci T, Zangrando F, Iosa M, et al. Improved interoceptive awareness in chronic low back pain: a comparison of back school versus Feldenkrais method. Disabil Rehabil . 2017;39(10):994-1001.  (RCT)"
        }
    ]
}