{
    "metadata": {
        "title": "Hand Burns",
        "synonyms": [
            "thermal injury",
            "partial-thickness  burn",
            "superficial thickness burn",
            "superficial partial thickness burn",
            "deep partial thickness burn",
            "full thickness burn",
            "fourth degree burn",
            " electrical burn",
            "chemical burn",
            "radiation burn"
        ],
        "anatomical location body part affected": [
            "Hand; wrist; skin (epidermis, dermis, subdermal plexus); underlying fascia, muscle, and contractile tissue; bone"
        ],
        "area of specialty": [
            "acute care",
            "wound management",
            "hand therapy",
            "outpatient rehabilitation"
        ],
        "description": [
            "A burn is an injury to body tissues from exposure to heat, electricity, chemicals, or radiation(1)",
            "Hand burns account for more than 80% of severe burn cases(25)",
            "The skin is the largest organ of the body. It consists of two layers:(4,27) \u2013Epidermis: outermost layer, contains no blood vessels \u2013Dermis: lies beneath the epidermis and consists of vascular connective tissue that supports and provides nutrition to the epidermis and skin appendages (e.g., hair and hair follicles, sweat glands)",
            "The severity of burns is classified by a combination of the extent and depth of injury, as well as patient age and associated illness or injury. The extent is the percentage of total body surface area (TBSA) affected by second-  and third-degree  burns(10) \u2013Extent (calculated based on the amount of partial and full-thickness  burns) -The arm represents 9% of TBSA, based on the \u201crule of nines\u201d(a method calculating extent of the burn based on dividing the body surface area by percentages (e.g., front and back of the head an neck are 9% of the body surface area) which are then used to calculate the burned area (2) -Using the palmar surface method for small burns, the palm (not including fingers)is 0.5% of TBSA and the hand surface (palm and digits) is approximately 1%(10) \u2013Depth: the current classification system replaces first-, second-,  and third-degree  burns and does not include fourth-degree  burns -Superficial-thickness  burn: solely affects the epidermis and usually is red, painful, warm, and may blanch when touched (e.g., sunburn)(21) -Superficial partial-thickness  burn: affects the epidermis and the superficial dermis and presents with blisters(21) -Deep partial-thickness  burn: affects the epidermis, the deep dermis, and some degree of sensory and sweat gland function; presents with less blisters and pain than superficial partial-thickness burns(21) -Full-thickness  burn: affects entire epidermal and dermal layers and results in complete loss of skin appendages; is insensate to pain(21) -Fourth-degree  burn (old classification): affects entire epidermal and dermal layers as well as underlying muscle, tendon, and bone(22) "
        ],
        "indications": [],
        "ICD-9 codes": {},
        "ICD-10 codes": {
            "T23": "Burn and corrosion of wrist and hand",
            "T23.0": "Burn of unspecified degree of wrist and hand",
            "T23.1": "Burn of first degree of wrist and hand",
            "T23.2": "Burn of second degree of wrist and hand",
            "T23.3": "Burn of third degree of wrist and hand",
            "T31": "Burns classified according to extent of body surface area involved (ICD codes are provided for the reader\u2019s reference, not for billing purposes)"
        },
        "ICD-11": {},
        "G-codes": {},
        "CPT codes": {},
        "HCPCS codes": {},
        "reimbursement": [
            "Reimbursement for therapy will depend on insurance contract coverage; no specific issues or information regarding reimbursement has been identified for hand burns"
        ],
        "presentation signs and symptoms": [
            "Based on classification:(4) \u2013Superficial-thickness  burn: erythematous appearance, dry, mildly swollen, blanches with pressure and is painful (e.g., sunburn) \u2013Superficial partial-thickness  burn: blistering, moist, weeping, blanches with pressure, painful \u2013Deep partial-thickness  burn: no blisters, wet or waxy dry, variable color, less painful, at risk for conversion to full thickness due to marginal blood supply \u2013Full-thickness  burn: white waxy to leathery grey to charred black in color, insensate to pain, does not blanch with pressure",
            "Edema",
            "Decreased ROM/contractures \u2013Twenty-three  percent of patients hospitalized for a hand burn experience at least 1 contracture, with the wrist joint most frequently involved(1)",
            "Hypertrophic scarring(4) \u2013Hypertrophic scars can result from partial and full-thickness burns \u2013Initially presents as a firm, red area of healed burn scar \u2013Progresses over weeks to become raised, erythematous, and rigid",
            "Pain",
            "Pruritus",
            "Muscle weakness, atrophy, or destruction",
            "Status post debridement",
            "Status post amputation \u2013For additional information on upper extremity amputation, see Clinical Reviews\u2026Amputation, Upper Extremity, in Adults: Occupational Therapy ; CINAHL Topic ID Number: T708915, and Amputation, Upper Extremity, in Adults: Physical Therapy;  CINAHL Topic ID Number T708916",
            "Status post skin graft",
            "Infection",
            "Psychosocial issues Causes, Pathogenesis, & Risk Factors"
        ],
        "contraindications precautions to test": [
            "Stop the examination and immediately notify the referring physician if any of the following are present: \u2013Signs/symptoms of infection(4)  \u2013Deep vein thrombosis (DVT) \u2013Heterotrophic ossification(4) \u2013Joint subluxation or dislocation(24) \u2013Compartment syndrome -Tends to occur in burns when the inelastic burned tissue (eschar) acts as a tourniquet(4) -Abdominal compartment syndrome is a potentially lethal condition in patients who are severely burned, even if abdominal decompression is performed. Significant increased abdominal pressure can cause pulmonary damage and multiorgan system failure. Only 40% of patients will survive(10) -For more information, see Clinical Review \u2026Compartment Syndrome, Acute : CINAHL Topic ID Number: T708485 \u2013Pneumothorax(10) \u2013Unremitting pain",
            "Obtain and follow specific instructions and guidelines from the referring physician and/or surgeon",
            "As many patients report unbearable levels of pain after burn injury, it is vital to respect the patient\u2019s pain and alert the physician and/or nurse if the patient\u2019s pain is not being adequately controlled(4)"
        ],
        "psychometric properties": [],
        "potential complications adverse effects": [],
        "test preparation materials required": [],
        "test procedure": [],
        "test scoring interpretation": []
    },
    "causes & risk factors": {
        "causes": [
            "Most common causes of all burns\u2013Fire/flame exposure (more common in males)(4)\u2013Scalding or heat contact injuries (more common in females)(4)",
            "Other causes\u2013Electrical exposure-Flash (arcing), flame, or direct heating by electrical current(10)\u2013Contact\u2013Chemical exposure\u2013Tar\u2013Radiation\u2013Grease injuries\u2013Up to 6%of burn injuries are the result of child abuse and are more common in males and children with developmentaldelays(4)"
        ],
        "pathogenesis": [
            "The extent of tissue damage is related to the location, duration, and intensity (temperature) of exposure.(4) In the caseof electrical burns, skin damage does not correlate with the degree of injury. Significant subcutaneous damage can beaccompanied by little skin injury, especially in cases in which there is larger skin surface area involved due to electricalcontact(10)",
            "Those at the extremes of age have fewer layers of epithelium, so the same exposure will produce a more serious burn inolder adults and children than in other adults(4)",
            "The dorsum of the hand has relatively thin, supple, and mobile skin that lies in close proximity to the extensor tendons;therefore, any burns to the dorsum of the hand can result in significant functional impairment(6)",
            "After the burn injury, there is a cascade of events(4)\u2013Initially there is vasoconstriction at the site of the burn injury mediated by the release of norepinephrine and serotonin\u2013A few hours after injury, vasoconstriction turns to vasodilation, increased capillary permeability, and leakage of plasmainto the extravascular space\u2013Histamine is released and damaged cells swell\u2013Fluid shifts result in extravascular edema and intravascular hypovolemia\u2013Platelets and leukocytes aggregate, leading to thrombotic ischemia\u2013In severe burn injuries, inflammatory mediators are released and compromise cardiovascular function; burn shock ensues",
            "Damaged skin loses its ability to act as a protective barrier (4)\u2013This may lead to loss of body fluids, impaired thermoregulation, and increased susceptibility to infection-Healing and regeneration-Because of the destruction of the dermal appendages, spontaneous reepithelialization is impossible with afull-thickness  burn injury(36)-Healing and regeneration in partial-thickness burns arise from the epithelial linings of the hair follicles and sweatglands-Depending on the depth, epithelialization is completed in 14 to 21 days-After epithelialization there is continued healing with regeneration of the peripheral nerves (sometimes withneuropathic pain and itching)-Dermal scarring occurs on the wound continuously for several months after the injury, and the healing process isongoing for 6 months to 2 years, until the skin is mature"
        ],
        "risk factors": [
            "Male sex(7)",
            "Most common in males in all age groups except for older adults, among whom burns occur more often in women(19)",
            "Being a child or an older adult(18)"
        ]
    },
    "indications for procedure": [],
    "overall contraindications precautions": [
        "When possible, burned hands are best treated by a therapist who fully understands the unique challenges of treating burn patients (e.g., biomechanical, physical, psychological factors)(5)",
        "Obtain parental consent before treating minors",
        "If abuse or neglect is suspected, alert the referring physician and/or appropriate authority",
        "Patients who have more extensive burns beyond just the hands are at risk for more complicated medical problems (e.g., shock)(4)",
        "See specific  Contraindications/precautions to examination   and  Contraindications/precautions   under Assessment/Plan"
    ],
    "contraindications precautions to procedure": {},
    "guidelines for use of procedure": {},
    "examination": {
        "contraindications precautions to examination": [
            "Stop the examination and immediately notify the referring physician if any of the following are present: \u2013Signs/symptoms of infection(4)  \u2013Deep vein thrombosis (DVT) \u2013Heterotrophic ossification(4) \u2013Joint subluxation or dislocation(24) \u2013Compartment syndrome -Tends to occur in burns when the inelastic burned tissue (eschar) acts as a tourniquet(4) -Abdominal compartment syndrome is a potentially lethal condition in patients who are severely burned, even if abdominal decompression is performed. Significant increased abdominal pressure can cause pulmonary damage and multiorgan system failure. Only 40% of patients will survive(10) -For more information, see Clinical Review \u2026Compartment Syndrome, Acute : CINAHL Topic ID Number: T708485 \u2013Pneumothorax(10) \u2013Unremitting pain",
            "Obtain and follow specific instructions and guidelines from the referring physician and/or surgeon",
            "As many patients report unbearable levels of pain after burn injury, it is vital to respect the patient\u2019s pain and alert the physician and/or nurse if the patient\u2019s pain is not being adequately controlled(4)"
        ],
        "history": {
            "history of present illness": {
                "mechanism of injury or etiology of illness": " Mechanism of injury or etiology of illness -How and when did the burn occur? -How quickly did the patient receive medical attention? -What classification is the burn? -If not limited to just the hand(s), where and what percentage of TBSA? -Concomitant injuries (e.g., fractures, inhalation injuries, brain injury)?(7) -Approximately 5% of all trauma patients will also have some degree of burn injury(7) -If applicable, what has the treatment in the hospital involved up to this point? -Complications up to this point?",
                "course of treatment": {
                    "medical management": " Medical management Management of medical complications (e.g., shock, inhalation injury); may involve resuscitation(4) Debridement(30) Mechanical Water immersion Water spray/hydro surgical (i.e., water jet) Moist to dry dressings Topical enzymes Biological debridement (i.e., sterile maggots)",
                    "surgical management": [
                        "Surgical",
                        "Sequential (tangential) (i.e., debride dead tissue by layer until healthy bleeding skin)",
                        "Fascial",
                        "Circumferential fascial",
                        "Escharotomy",
                        "Fasciotomy(28)",
                        "Indicated for compartment syndrome",
                        "Skin grafting(4)",
                        "Homograft vs. heterograft",
                        "Temporary grafts",
                        "Must be replaced after several days or the immune system rejects them, and it is not common to use immunosuppressant therapy",
                        "Synthetic wound dressings are also a temporary option until autografting is possible ",
                        "Autograft",
                        "Harvested from the patient\u2019s own skin",
                        "Gold standard of treatment",
                        "Split thickness vs. full thickness",
                        "Split thickness grafts can be \u201cmeshed\u201d to increase the area of coverage",
                        "Skin flaps(20)",
                        "May be useful when more coverage is needed",
                        "Groin flaps, as well as preputial flaps (in uncircumcised males), may be utilized to obtain adequate coverage",
                        "Kirschner wire fixation",
                        "Used to immobilize fingers to protect exposed joints and tendons(5)",
                        "Amputation(1)",
                        "May be necessary in burns severe enough that circulation is absent, or bone and tissue are destroyed"
                    ],
                    "medications": "Determine what medications clinician has prescribed; are they being taken? Opioids for procedural pain(5) Long-acting  analgesics for resting pain(5) Short-acting  analgesics for breakthrough pain(5) Anxiolytics(5) Enteral feeding Tetanus immunization for all burns deeper than superficial thickness(10) Topical antibiotics for all non superficial-depth  wounds(10) Dressings Hydrogel Low adherent Silver products Adhesive Negative pressure wound therapy (e.g., wound V .A.C.)(5)",
                    "diagnostic tests completed": [
                        "Diagnostic tests completed:  Usual tests for this condition are the following:",
                        "Complete blood count(8)",
                        "Chest X-ray(8)",
                        "Cardiac testing(8)",
                        "Measuring urinary output (may require indwelling catheter)(8)",
                        "Electrodiagnostic testing for peripheral neuropathies(7)",
                        "Approximately 10% of burn patients will develop peripheral neuropathies, most commonly median sensory neuropathies(7)"
                    ],
                    "alternative therapies": "Document any use of home remedies (e.g., ice or heating pack) or alternative therapies (e.g., acupuncture) and whether they help",
                    "previous therapy": "Document whether patient has had occupational or physical therapy for this or other conditions and what specific treatments were helpful or not helpful"
                },
                "aggravating easing factors": "(and length of time each item is performed before the symptoms come on or are eased) there positions or environments that increase or decrease patient\u2019s pain or itching?",
                "body chart": "Use body chart to document location and nature of symptoms",
                "nature of symptoms": "Document nature of symptoms (e.g., constant vs. intermittent, sharp, dull, aching, burning, numbness, tingling, itching)",
                "rating of symptoms": "Use a visual analog scale (V AS) or 010  scale to assess symptoms at their best, at their worst, and at the moment (specifically address if pain is present now and how much ). For children or nonverbal patients, the FLACC Scale or Wong-Baker  FACES Pain Rating Scale may be used to assess pain(3) -The Itch Severity Scale is a valid tool for assessing itch severity and the inability to relieve the itching sensation.(3) Another validated burn-specific  itch assessment tool is the Burn Itch Questionnaire(26) ",
                "pattern of symptoms": "Document changes in symptoms throughout the day and night, if any (AM, mid-day, PM, night); also document changes in symptoms due to weather or other external variables",
                "sleep disturbance": "Document number of awakenings/night -As many as 74% of burn survivors reported sleep problems at 1 week after discharge from hospital(31)(31) -Nighttime awakenings -Daytime napping -Nighttime pain -Difficulty with sleep onset -Lack of sleep is associated with increased pain complaints the next day, and high levels of pain and analgesic intake during the day is associated with poor sleep the following night(31)",
                "other symptoms": "Document other symptoms patient may be experiencing that could exacerbate the condition and/or symptoms that could be indicative of a need to refer to physician (e.g., dizziness, chills, unremitting pain)",
                "respiratory status": "Document the patient\u2019s respiratory status, including oxygen use and/or mechanical ventilation(7) -Pneumonia -Adult respiratory distress syndrome (ARDS) -Did the patient require tracheostomy? Psychosocial status -Burn injury survivors are at risk for developing depression, anxiety, and posttraumatic stress disorders(7) -The largest prospective cohort study found that significant psychological distress is common and tends to persist for at least 2 years after burn injury(7) -Depression can have a negative impact on recovery(7) -PTSD(31) -Reported rates of PTSD in burn patients range from 20% to 69% -Development of PTSD has been associated with excessive scarring, female sex, large burn surface area, pre-existing depression, low resilience, and poor social support -Alteration in body image affecting one\u2019s self-esteem is one of the most devastating consequences of a burn injury(7) -Individuals with altered body image report social functioning as a major source of difficulty and distress(7) -The ultimate goal of rehabilitation is normal reintegration into the community(32) -Health-related  quality of life is often negatively impacted following a burn injury, with patients with less severe injuries having less impairment in most domains. In studies of health-related  quality of life after burn injuries, scores generally improved over time, although sexual function scores commonly were stable(29) Barriers to learning -Are there any barriers to learning? Yes __ No __ -If Yes, describe ____________________________"
            },
            "medical history": {
                "past medical history": {
                    "previous history of same similar diagnosis": " Previous history of same/similar diagnosis Is there a prior history of burn(s)? Prior history of any dysfunction involving the affected hand(s)?",
                    "comorbid diagnoses": "Ask the patient about other problems, including diabetes, cancer, heart disease, complications of pregnancy, psychiatric disorders, and orthopedic disorders",
                    "medications previously prescribed": "Obtain a comprehensive list of medications prescribed and/or being taken (including OTC drugs)",
                    "other symptoms": "Ask the patient about other symptoms he or she may be experiencing"
                }
            },
            "social and occupational history": {
                "patient\u0432\u0402\u2122s goals": "",
                "vocation avocation and associated repetitive behaviors, if any": "What does the patient\u2019s job require? Is the patient involved in any sports or recreational activities? Does the patient attend school? ",
                "functional limitations assistance with ADLs adaptive equipment": "Did the patient have any prior functional limitations or require any assistance with ADLs? Does the patient have any adaptive equipment? Which is the patient\u2019s dominant hand?",
                "living environment": "With whom does the patient live and who are the patient\u2019s caregivers? Are there stairs in the home? Number of floors? Identify if there are barriers to independence in the home; any modifications necessary?"
            }
        },
        "relevant tests and measures": {
            "general": "While tests and measures are listed in alphabetical order, sequencing should be appropriate to \u203aRelevant tests and measures:  While tests and measures are listed in alphabetical order, sequencing should be appropriate to patient medical condition, functional status, and setting",
            "anthropometric characteristics": "",
            "assistive and adaptive devices": "Assess fit of current devices, including orthoses/splints, ADL devices, and ambulatory devices. Are they appropriate? Are they being used properly? Are other devices indicated? Does the current state of the patient\u2019s hand(s) affect his or her ability to use assistive and ambulatory devices properly?",
            "balance": "Assess static and dynamic balance as indicated",
            "cardiorespiratory function and endurance": [],
            "circulation": "Assess pulses and capillary refill time(3) \u2013Vascular compression and insufficiency and compartment syndrome are characterized by loss of or weakened pulses, decreased capillary refill time, deep tissue pain, and paresthesia(3)Assess integrity of peripheral nerves as indicated; the median nerve is most commonly involved in upper extremity thermal or electrical burns, although ulnar and radial nerves may also be injured(23)Measure edema using circumferential or figure of eight measurements, or using water displacement (volumetric measurements)(3)Observe for proper body mechanics during functional movements; ergonomic assessment may be indicated for return to work and ADLsAssess functional mobility utilizing such objective measures as the FIM, WeeFIM (for children),(3) and Timed Up and Go (TUG) test. Mobility may be affected by the patient\u2019s decreased ability to use hand(s)",
            "functional mobility": "",
            "gait locomotion": "Assess gait as indicated. Observe for abnormalities and assess safety with objective measure such as Dynamic Gait Index (DGI)Joint subluxations are common after hand burn injury, most commonly in the metacarpophalangeal (MCP) joints, resulting in a \u201cburn claw\u201d hand deformity. Additional deformities that are often seen following hand burns include web space contractures; flexion contractures of palm and fingers; MCP joint extension deformities; boutonniere, swan neck, and mallet deformities; and syndactyly(24)Assess coordination, fine and gross dexterity of the hand, and functional use(3) \u2013Jebsen-Taylor  Hand Function Test \u2013Nine-hole  peg test",
            "muscle strength": "Assess strength of entire affected upper extremity as indicated; when appropriate, assess hand strength utilizing hand dynamometry and pinchmeter(3)Assess as appropriate for children who haven\u2019t yet met developmental milestones",
            "observation inspection palpation including skin assessment": [
                "Scar assessment -Modified Vancouver Scar Scale -Scores a scar in four domains: pliability, height, vascularity, and pigmentation(7) -Scar pliability can be measured with a Cutometer(7) -Pigmentation can be measured with a Mexameter(7)",
                "-The Matching Assessment using Photographs with Scars (MAPS) scale assigns a score of 14 based on description photos for scar height, thickness, and color and texture of the scar surface(3) -Changes in scar adherence and tightness are charted and/or photographed(3)  -Are there any hand deformities developing? -A debilitating and difficult to treat deformity is the claw hand (AKA burn claw) (wrist flexion, MCP joint hyperextension, and IP joint flexion) -Other common deformities are adduction contracture of the thumb and web space contractures (e.g., burn syndactyly)",
                "Are there exposed tendons?",
                "Is there hypertrophic scarring? Hypertrophic scars are raised, red, painful, pruritic, and contractile(7) -Hypertrophic scarring is the most common complication of burn injury(7) -Risk factors for hypertrophic scarring are wounds that had a prolonged inflammatory healing phase and wounds that were open for longer than 3 weeks(7)",
                "Inspect for signs and symptoms of infection, DVT, and chronic regional pain syndrome (CRPS) (e.g., trophic changes) \u2022Palpation:  Palpate the texture of the scar; assess for pain on palpation \u2022Perception  (e.g., visual field, spatial relations): Assess as indicated"
            ],
            "posture": "Assess as indicated",
            "range of motion": " Range of motion \u2013Assess using a goniometer and/or composite linear measurements, including distance from the tip of the finger to the distal palmar crease during finger flexion and the distance between the tip of the finger and a level surface during full -Kapandji Thumb Opposition Scale(3) -Measurement of abducted hand span(3) -Overlay tracings of the hand(3) \u2013Contractures -Most commonly wrist extension and flexion, digit metacarpophalangeal (MP) flexion, and index finger proximal interphalangeal (PIP) flexion(2)Sum of active MCP, PIP, and DIP arc of motion in degrees of an individual digit -Burn contractures are graded based on whether they are supple and reducible or rigid and fixed, and the severity of ROM limitation(3)",
            "self-care activities of daily living": "",
            "reflex testing": "Assess as indicatedAssess ability to perform ADLs and self-care  activities (e.g., bathing, brushing teeth) that are very likely affected by decreased hand use. Utilize objective measures such as the Barthel Index",
            "sensory testing": "Perform thorough sensory testing of affected areas, including vibration threshold, temperature and texture discrimination, touch threshold discrimination using two-point  discrimination and Semmes-Weinstein Monofilaments(3)",
            "special tests specific to diagnosis": " Special tests specific to diagnosis \u2013Disabilities of the Arm, Shoulder and Hand (DASH) Outcome Measure(3) -For additional information on the DASH, see Clinical Review\u2026Disabilities of the Arm, Shoulder and Hand (DASH)T903177 \u2013Michigan Hand Outcomes Questionnaire (MHQ)(3) \u2013SF-36(3) \u2013Burn-Specific  Health Scale\u2013Brief  (BSHS-B)(3)",
            "speech and language examination": "",
            "neurological examination": "",
            "oral structure and oral motor function": "",
            "perception": "",
            "arousal attention cognition": "Assess orientation; more in-depth  testing is indicated if brain injury or other cognitive impairment is present. Utilize such measures as mini-mental  state examination (MMSE), and obtain testing done by other disciplines if possible",
            "aac assessment": "",
            "swallow examination": "",
            "tracheostomy examination": ""
        }
    },
    "assessment plan of care": {
        "contraindications precautions": {
            "cryotherapy contraindications": [],
            "cryotherapy precautions": [],
            "contraindications precautions": [
                "TENS contraindications  (9) -Presence of a cardiac demand pacemaker -Stimulation across chest -Malignancies in the area to be treated -Uncontrolled seizure disorder",
                "TENS precautions(9) -Altered or absent sensation -Pregnancy -Protruding metal (e.g., surgical staples, external fixation) or metal implants",
                "-Incision  stimulation should not put stress on an incision -Allergic reactions to electrodes or conduction medium, skin irritation",
                "Therapeutic ultrasound  contraindications(9) -In an area with infection or bleeding -If a tumor is present in the area -In the area of DVT or thrombophlebitis -Over epiphyseal plates of growing bones",
                "Therapeutic ultrasound  precautions(9) -Use caution if patient has circulatory impairments -Use caution in patients with sensory deficits and in patients who are unable to communicate sensory deficits -Use caution over plastic or metal implants -Always decrease ultrasound intensity if the patient complains of discomfort",
                "Thermotherapy  contraindications(9) -Decreased sensation -Decreased circulation/Vascular insufficiency -Recent or potential hemorrhage -Malignancy -Acute inflammation -Infection -Where heat rubs or liniments have recently been used -In patients with cognitive deficits or if a language barrier exists"
            ],
            "superficial heat is contraindicated with": [],
            "electrotherapy contraindications precautions include": [],
            "other": [
                "Always follow physician and/or surgeon orders for treatment",
                "Utilize sterile techniques for all wound care",
                "If any part of the extensor mechanism in the hand is disrupted, flexion of multiple joints (i.e., composite flexion), for example making a fist, is contraindicated due to the stress placed on the healing extensor mechanism",
                "Patients with this diagnosis may be at risk for falls; follow facility protocols for fall prevention and post fall-prevention instructions at bedside, if inpatient. Ensure that patient and family/caregivers are aware of the potential for falls and educated about fall-prevention  strategies. Discharge criteria should include independence with fall-prevention strategies ",
                "Clinicians should follow the guidelines of their clinic/hospital and what is ordered by the patient\u2019s physician. The summary below is meant to serve as a guide, not to replace orders from a physician or a clinic\u2019s specific protocols",
                "Only those contraindications/precautions applicable to this diagnosis are mentioned below, including with regards to modalities. Rehabilitation professionals should always use their professional judgment"
            ]
        },
        "diagnosis need for treatment": "Patients with hand burns require rehabilitation to improve edema, wound healing, ROM, strength, coordination/dexterity, and overall function and to prevent secondary complications such as contractures and hypertrophic scarring",
        "rule out": "N/A",
        "prognosis": [
            "The first 48 hours of burn care has the greatest impact on the morbidity and mortality of a burn victim. Early surgical intervention, wound care, enteral feeding, glucose control, metabolic management, infection control, and prevention of hypothermia and compartment syndrome all contribute to significantly lowering mortality rates and hospital length of stay(10)",
            "Prognosis will depend upon several factors, including the extent and location of tissue damage, any associated injuries,and comorbidities and complications. Complications impacting prognosis include sepsis; gangrene (with limb amputation); and cardiac, neurologic, cognitive, or psychiatric impairments(10)",
            "The typical healing time: superficial-thickness  burns reported to range between 3 and 10 days, superficial partial-thickness burns ~ 2weeks, and deep partial-thickness  burns \u2265 3 weeks(18)"
        ],
        "referral to other disciplines": " Referral to other disciplines Surgeon Physician  Pain management specialist Nursing for wound care needs Occupational therapy for ADL training, orthotic fabrication Psychologist or psychiatrist for depression, anxiety, or PTSD-related symptoms Physical therapy for gait training Social services for home needs Support group Speech/swallowing therapist if indicated Nutrition/dietary if indicated Appropriate authority if abuse or neglect is suspected",
        "other considerations": [
            "Compared to burns in other regions, hand burns can be more difficult for graft fixation due to the curved and mobile surface area, which increases the risk for cicatricial contracture",
            "The authors of a systematic review found a positive correlation between music intervention and decreased pain and anxiety and lower heart rate in burn patients; however, they cautioned that high-quality  studies are needed confirm these findings(15)"
        ],
        "treatment summary": [
            "Typical treatment includes: \u2013Edema management \u2013Preservation of motion(33) \u2013Splinting to prevent contractures and deformities(6,17,24) -Positioning in the orthosis depends upon the location of the burn and possible deformity -Dorsal burns splinted in intrinsic plus position -Palmar burns positioned with palmar extension -Circumferential burns may need to alternate between intrinsic plus and palmar extension positions -Splint is removed for ROM and wound care -Generally, a hand that is healing without complications does not have to be positioned in an orthosis unless there is a limitation in AROM of the MCP and IP joints of > 20\u00b0 in extension or MCP or IP joint flexion is < 70\u00b0 -Serial casting should be used to gain extension if there is < 20\u00b0 of IP joint extension -For outpatients, can utilize flexion gloves, a palmar conformer, an ulnar gutter, finger gutter, or casting (usually reserved for children) -Therapists need to continually check for proper fit of the orthosis and make any necessary changes. Changes in the bulkiness of the bandages will alter the fit of the orthosis -Children can tolerate longer immobilization than adults because of the elasticity in their joints. It is important not to over-immobilize  the joints, which can result in joint stiffness, contractures, and soft tissue adhesions. As ROM and level of arousal improve, patients should increase their active participation with exercises and functional mobility(17) \u2013PROM and then AROM exercises -Exercises are performed to help preserve joint ROM, ensure tendon gliding, and help maintain oblique and transverse retinacular ligament length(17) -If the extensor mechanism is disrupted, ROM should be performed using the tendon glide technique, mobilizing a single joint while maintaining the others in extension -Combined flexion must be avoided, as it could rupture the fragile extensor mechanism -If the burn is full thickness, the extensor mechanism in the hand is likely affected -When ROM exercises are being performed at the IP joint, the MCP joint and the wrist should be positioned in extension to put the tendon at maximum slack(17) \u2013Scar management and prevention/management of hypertrophic scarring(4) -Risk factors for pathologic scarring (e.g., keloids, hypertrophic scar)include deep partial and full-thickness  burns (i.e., deep dermal second degree and third degree), slow healing (longer than 3 weeks), and genetic factors(16) -Scar compression (e.g., elastomer web spacers) may be helpful to decrease deformity or to maintain positioning after a contracture release(24)  -Other modalities that may be used to manage hypertrophic scarring include structural grafting (e.g., autologous fat transfer) and composite tissue allotransplantation. Evidence is weak or limited for scar massage, silicone gel sheeting, laser and light therapy, and micro needling(16) \u2013Strengthening exercises \u2013Functional activities",
            "The exercise regimen and choice of orthotic intervention for exposed and ruptured tendons before grafting vary depending on the extent and location of the tendon exposure and the apparent integrity of the tendon and surrounding tissue(17) \u2013If the tendon appears healthy and exposure is small, aggressive ROM may be ordered(17)",
            "A case study in the United States found that 3M Coban self-adherent wraps effectively reduced edema in a patient status post skin grafting, and the reduced edema resulted in improved ROM, strength, and function compared to the other hand (control); the dressing did not impede hand mobility, grip strength, and function(11)",
            "Nanotechnology interventions (e.g., immune-based  antimicrobial molecules, antimicrobial photo therapy and ultrasound) are showing promise in management of infection and facilitating tissue regeneration and wound healing(12)",
            "A case study in the United Kingdom found that the technology-based wound dressing Mepitel One effectively controlled exudate, allowing for alternate-day  dressing changes. The dressing was easily removed, which reduced trauma to newly healing skin on the hand and decreased subjective complaints of pain(14)",
            "AnRCT in Egypt found that playful activity based on games improved hand function and movement in children with hand burns better than rote exercise(13) . Problem Goal Intervention Expected Progression Home Program Pain and pruritus Decreased pain and pruritusPatient education _ Encourage compliance with prescribed medications and creams/lotions _ _ Electrotherapeutic modalities _ Some success has been reported with TENS use for pain and pruritus(5) _ _ Alternative treatments _ Additional studies are needed to prove effectiveness of distraction techniques, virtual reality, music therapy, and massage(5)Reduced pain and itching over timeEducate family and caregivers about the importance of compliance  Unhealed wound _ _ Edema _ _ Scar complications _ _ Contractures, decreased ROM, deformities _ _ Decreased functional use of hand(s)Completely healed wound without complications _ _ Decreased edema _ _ Well-healed scar with minimized complications (such as hypertrophic scarring) _ _ Improved ROM, prevention or resolution of contractures, prevention of deformities _ _ Improved functional use of hands for return to ADLs, self-care, work, school, and recreational activities _ Increased strength for functional and age- appropriate activitiesPrescription, application of devices and equipment _ Application of dressings prescribed by physician _ _"
        ]
    },
    "desired outcomes outcome measures": {
        "decreased pruritus": [],
        "community reintegration": [],
        "decreased pain": [
            "V AS",
            "Itch Severity Scale or Burn Itch Questionnaire",
            "V ASC"
        ],
        "decreased edema": [
            "Circumferential measurements/volumetric measurements"
        ],
        "improved strength": [
            "MMT/hand dynamometer/pinchmeter"
        ],
        "improved range of motion": [
            "Goniometric measurements",
            "TAM",
            "Kapandji Thumb Opposition Scale"
        ],
        "improved functional mobility": [
            "FIM/WeeFIM"
        ],
        "return to adls, self-care,  work, and or recreational and school activities": [
            "Barthel Index"
        ],
        "improved fine motor skills": [
            "Jebsen-Taylor  Hand Function Test",
            "Nine-hole  peg test"
        ],
        "non-hypertrophic  healed scar": [
            "Vancouver Scar Scale",
            "MAPS scale"
        ],
        "normal sensation": [
            "Sensory testing"
        ],
        "improved functional upper extremity use": [
            "DASH Outcomes Measure",
            "MHQ"
        ],
        "improved quality of life": [
            "SF-36",
            "BSHS-B",
            "Community Integration Questionnaire",
            "V ASF"
        ]
    },
    "maintenance or prevention": [
        "Assist the patient and family with school and work reentry. If the patient is school-aged,  the patient may require a school assessment to determine if an individualized education program (IEP) is needed. If the patient is returning to work, a functional capacity exam may be required",
        "Burn prevention counseling during routine pediatric well-visits(18)",
        "Sun protection is essential for burn survivors(4)",
        "Educate families about potential household hazards and prevention of burns(8) Safety in the workplace Safety in the home, including regular maintenance of smoke alarms and temperature of hot water heater \u2013Test bathwater and supervise children during bath time; cook on rear burners when children are present Prevention of electrical burns (e.g., replace frayed cords) Sunburn prevention Appropriate supervision of small children \u2013 keep matches, lighters, and chemicals out of reach of children, fireplace safety"
    ],
    "patient education": [],
    "references": [
        {
            "number in article": 1,
            "reference": "Burns of the wrist and hand. MD Guidelines Web site. http://www.mdguidelines.com/burn-of-wrist-and-hand . (GI)"
        },
        {
            "number in article": 2,
            "reference": "Kokwalske KJ. Hand burns. Phys Med Rehabil Clin N Am . 2011;22(2):249-259.  doi:10.1016/j.pmr.2011.03.003. (RV)"
        },
        {
            "number in article": 3,
            "reference": "Cowan AC, Stegink-Jansen  CW. Rehabilitation of hand burn injuries: current updates. Injury. 2013;44(3):391-396.  doi:10.1016/j.injury.2013.01.015. (RV)"
        },
        {
            "number in article": 4,
            "reference": "Kelly BM, Bernez T, Williams T. Orthoses for the burned hand. In: Orthoses and Assistive Devices . Philadelphia, PA: Elsevier; 2019:170-175.  (GI)"
        },
        {
            "number in article": 5,
            "reference": "Richard R, Baryza MJ, Carr JA, et al. Burn rehabilitation and research: proceedings of a consensus summit. J Burn Care Res . 2009;30(4):543-573.  doi:10.1097/ BCR.0b013e3181adcd93. (CP)"
        },
        {
            "number in article": 6,
            "reference": "Barth BE. Burns. In: Kellerman RD, Rakel DP, eds. Conn\u2019s Current Therapy 2021 . Philadelphia, PA: Elsevier; 2021:1311-1317.  (GI)"
        },
        {
            "number in article": 7,
            "reference": "Gabriel V, Holavanahalli R. Burns. In: Cifu DX, ed. Braddom\u2019s Physical Medicine and Rehabilitation . 5th ed. Philadelphia, PA: Elsevier; 2016:557-569.  (GI)"
        },
        {
            "number in article": 8,
            "reference": "Burns \u2013 Assessment and Management. PatientPlus Web site. http://www.patient.co.uk/doctor/Burns-Assessment-and-Management.htm . Published 2015. (GI)"
        },
        {
            "number in article": 9,
            "reference": "Bellew JW, Michlovitz SL, Nolan TP Jr, eds. Michlovitz\u2019s Modalities for Therapeutic Intervention . 6th ed. Philadelphia, PA: FA Davis; 2016. (GI)"
        },
        {
            "number in article": 10,
            "reference": "Nemer JA, Clark MC. Disorders related to environmental emergencies. In: Papadakis MA, McPhee SJ, Rabow MW, eds. 2017 Current Medical Diagnosis and treatment . 56th ed. New York, NY: McGraw-Hill  Education/Medical; 2017:1561-1568.  (GI)"
        },
        {
            "number in article": 11,
            "reference": "Lowell M, Pirc P, Ward RS, et al. Effect of 3M\u2122 Coban\u2122 self-adherent  wraps on edema and function of the burned hand: a case study. J Burn Care Rehabil . 2003;24(4):253-258.  (C)"
        },
        {
            "number in article": 12,
            "reference": "Mofazzal Jahromi MA, Sahandi Zangabad P, Moosavi Basri SM, et al. Nanomedicine and advanced technologies for burns: Preventing infection and facilitating wound healing. Adv Drug Deliv Rev . 2018;123:33-64.  doi:https://doi.org/10.1016/j.addr.2017.08.001. (RV)"
        },
        {
            "number in article": 13,
            "reference": "Omar MT, Hegazy FA, Mokashi SP. Influences of purposeful activity versus rote exercise on improving pain and hand function in pediatric burn. Burns. 38(2):261-268. doi:10.1016/j.burns.2011.08.004. (RCT)"
        },
        {
            "number in article": 14,
            "reference": "Edwards J, Mason S. Hand burn management: minimizing pain and trauma in dressing change. Br J Nurs. 2013;22(30):S46-S50.  (C) "
        },
        {
            "number in article": 15,
            "reference": "Li J, Zhou L, Wang Y. The effects of music intervention on burn patients during treatment procedures: a systematic review and meta-analysis  of randomized controlled trials. BMC Complement Altern Med . March 17, 2017;17(1):158. doi:https://doi.org/10.1186/s12906-017-1669-4.  (SR)"
        },
        {
            "number in article": 16,
            "reference": "Finnerty CC, Jeschke MG, Branski LK, Barret JP, Dziewulski P, Herndon DN. Hypertrophic scarring: the greatest unmet challenge after burn injury. Lancet. 2016;388(10052):1427-1436.  doi:https://doi.org/10.1016/S0140-6736(16)31406-4.  (RV)"
        },
        {
            "number in article": 17,
            "reference": "Tufaro PA, Bondoc SL. Therapists management of the burned hand. In: Skirven TM, Osterman AL, eds. Rehabilitation of the Hand and Upper Extremity . 6th ed. Philadelphia: Elsevier Saunders; 2011:317-340.  (GI)"
        },
        {
            "number in article": 18,
            "reference": "Lloyd EC, Rodgers BC, Michener M, Williams MS. Outpatient burns: Prevention and care. Am Fam Physician . 2012;85(1):25-32.   (GI)"
        },
        {
            "number in article": 19,
            "reference": "Hettiaratchy S, Dziewulski P. ABC of burns. Introduction. BMJ. June 5, 2004;328(7452):1366-1368.  (GI)"
        },
        {
            "number in article": 20,
            "reference": "Tiwari VK, Sarabahi S, Chauhan S. Preputial flap as an adjunct to groin flap for the coverage of electrical burns in the hand. Burns. 2015;40(1):e4. doi:10.1016/ j.burns.2013.06017. (C)"
        },
        {
            "number in article": 21,
            "reference": "Schaefer TJ, Symanski KD. Burn evaluation and management. StatPearls . Treasure Island (FL): StatPearls Publishing; 2020. (GI)"
        },
        {
            "number in article": 22,
            "reference": "Jeschke MG, van Baar ME, Choudhry MA, Chung KK, Gibran NS, Logsetty S. Burn injury. Nat Rev Dis Primers . February 13, 2020;6(1):11. doi:https://doi.org/10.1038/s41572-020-0145-5.  (RV)"
        },
        {
            "number in article": 23,
            "reference": "Tu Y, Lineaweaver WC, Zheng X, Chen Z, Mullins F, Zhang F. Burn-related  peripheral neuropathy: A systematic review. Burns. 2017;43(4):693-699.  doi:https://doi.org/10.1016/ j.burns.2016.08.003. (SR)"
        },
        {
            "number in article": 24,
            "reference": "Brown M, Chung KC. Postburn contractures of the hand. Hand Clin . 2017;33(2):317-331https://doi.org/10.1016/j.hcl.2016.12.005.  (RV)"
        },
        {
            "number in article": 25,
            "reference": "Aghajanzade M, Momeni M, Niazi M, et al. https://doi.org/10.1016/j.hcl.2016.12.005. Ann Bruns Fire Disasters . 2019;32(2):147-152.  (R)"
        },
        {
            "number in article": 26,
            "reference": "Van Loey NE, Hofland HW, Kendrickx H, Van de Steenoven J, Boekelaar A, Nieuwenhuis MK. Validation of the Burns Itch Questionnaire. Burns. 2016;42(3):526-534. doi:10.1016/j.burns.2015.08.001. (R)"
        },
        {
            "number in article": 27,
            "reference": "Shpichka A, Butnaru D, Bezrukov EA, et al. Skin tissue regeneration for burn injury. Stem Cell Res Ther . March 15, 2019;10(1):94. doi:https://doi.org/10.1186/s13287-019-1203-3.  (RV)"
        },
        {
            "number in article": 28,
            "reference": "Ipaktchi K, Wingfield J, Colakoglu S. Fasciotomy: Upper extremity. In: Mauffrey C, Hak DJ, Martin MP III, eds. Compartment Syndrome: A Guide to Diagnosis and Management . Cham (CH): Springer; 2019:59-66.  (GI)"
        },
        {
            "number in article": 29,
            "reference": "Spronk I, Legemate C, Oen I, van Loey N, Polinder S, van Baar M. Health related quality of life in adults after burn injuries: A systematic review. PLoS One . 2018;13(5):e0197507. doi:https://doi.org/10.1371/journal.pone.0197507. (SR)"
        },
        {
            "number in article": 30,
            "reference": "Browning JA, Cindass R. Burn debridement, grafting, and reconstruction. StatPearls . Treasure Island (FL): StatPearls Publishing; 2020. (GI)"
        },
        {
            "number in article": 31,
            "reference": "Thibaut A, Shie VL, Ryan CM, et al. A review of burn symptoms and potential novel neural targets for non-invasive  brain stimulation for treatment of burn sequelae. Burns. 2021;47(3):525-537.  doi:https://doi.org/10.1016/j.burns.2020.06.005. (RV)"
        },
        {
            "number in article": 32,
            "reference": "Badger K, Acton A, Peterson P. Aftercare, survivorship, and peer support. Clin Plast Surg . 2017;44(4):885-891.  doi:https://doi.org/10.1016/j.cps.2017.05.020. (RV)"
        },
        {
            "number in article": 33,
            "reference": "Jacobson K, Fletchall S, Dodd H, Starnes C. Current concepts burn rehabilitation, part i: care during hospitalization. Clin Plast Surg . 2017;44(4):703-712.  doi:https:// doi.org/10.1016/j.cps.2017.05.003. (RV)"
        }
    ]
}