{
    "metadata": {
        "title": "Sacroiliac Joint Dysfunction",
        "synonyms": [
            "joint dysfunction, sacroiliac",
            "sacroiliac joint syndrome",
            "strain/sprain, sacroiliac",
            "sacroiliac strain/sprain"
        ],
        "anatomical location body part affected": [
            "Low back/sacrum and pelvis"
        ],
        "area of specialty": [
            "orthopedic rehabilitation",
            "neuromuscular rehabilitation",
            "sports rehabilitation"
        ],
        "description": [
            "The sacroiliac joint (SIJ) has hyaline cartilage lining the sacral side, fibrocartilage lining the iliac side, and a fibrous capsule encompassing the entire joint(1,2,26)",
            "The SIJ is generally C-shaped,  with two lever arms that interlock at the second sacral level, and contains many ridges and depressions, indicating its function for stability more than motion(26)",
            "A large network of ligaments surrounds the SIJ and provides the majority of its stability.(1,26) The deep anterior, posterior, and interosseous ligaments resist the load of the sacrum relative to the ilium; the more superficial ligaments (e.g., the sacrotuberous ligament, long and short sacroiliac ligaments) react to dynamic motions. The long dorsal ligament can become stretched in periods of reduced lumbar lordosis(26)",
            "The SIJ transmits vertical forces between the lower extremities and the spine.(2) SIJ dysfunction may involve a hypermobile or hypomobile condition (e.g., decreased or increased trunk lateral flexion) associated with nonspecific low back pain (LBP) and/or pelvic girdle pain",
            "The prevalence of SIJ dysfunction is estimated to vary between 5% and 30% among patients reporting LBP.(5) A differential diagnosis is usually conducted to rule out other more common causes of LBP before treating SIJ dysfunction, which is mainly a diagnosis of exclusion(5,6)",
            "Conservative treatment for pain linked to SIJ dysfunction includes non-inflammatory drugs (NSAIDs), modification of physical activities, physical therapy, and use of an SIJ belt in some cases"
        ],
        "indications": [],
        "ICD-9 codes": {
            "846.1": "sacroiliac (ligament) sprain",
            "846.2": "sacrospinous ligament sprain",
            "846.3": "sacrotuberous ligament sprain",
            "846.8": "other specified sites of sacroiliac region strain",
            "846.9": "unspecified site of sacroiliac region strain"
        },
        "ICD-10 codes": {
            "S33.6": "sprain and strain of sacroiliac joint",
            "M54.5": "low back pain",
            "M54.8": "other dorsalgia (in the sacral region) (ICD codes are provided for the reader\u2019s reference, not for billing purposes)"
        },
        "ICD-11": {},
        "G-codes": {
            "Mobility G-code set": {
                "G8978": "Mobility: walking & moving around functional limitation, current status, at therapy episode outset and at reporting intervals",
                "G8979": "Mobility: walking & moving around functional limitation; projected goal status, at therapy episode outset, at reporting intervals, and at discharge or to end reporting",
                "G8980": "Mobility: walking & moving around functional limitation, discharge status, at discharge from therapy or to end reporting"
            },
            "Changing & Maintaining Body Position G-code set": {
                "G8981": "Changing & maintaining body position functional limitation, current status, at therapy episode outset and at reporting intervals",
                "G8982": "Changing & maintaining body position functional limitation, projected goal status, at therapy episode outset, at reporting intervals and at discharge or to end reporting",
                "G8983": "Changing & maintaining body position functional limitation, discharge status, at discharge from therapy or to end reporting"
            },
            "Carrying, Moving & Handling Objects G-code set": {
                "G8984": "Carrying, moving & handling objects functional limitation, current status, at therapy episode outset and at reporting intervals",
                "G8985": "Carrying, moving & handling objects functional limitation, projected goal status, at therapy outset, at reporting intervals, and at discharge or to end reporting",
                "G8986": "Carrying, moving & handling objects functional limitation, discharge status, at discharge from therapy or to end reporting"
            },
            "Self Care G-code set": {
                "G8987": "Self care functional limitation, current status, at therapy episode outset and at reporting intervals",
                "G8988": "Self care functional limitation, projected goal status, at therapy episode outset, at reporting intervals, and at discharge or to end reporting",
                "G8989": "Self care functional limitation, discharge status, at discharge from therapy or to end reporting"
            },
            "Other PT/OT Primary G-code set": {
                "G8990": "Other physical or occupational primary functional limitation, current status, at therapy outset and at reporting intervals",
                "G8991": "Other physical or occupational primary functional limitation, projected goal status, at therapy episode outset, at reporting intervals, and at discharge or to end reporting",
                "G8992": "Other physical or occupational primary functional limitation, discharge status, at discharge from therapy or to end reporting"
            },
            "Other PT/OT Subsequent G-code set": {
                "G8993": "Other physical or occupational subsequent functional limitation, current status, at therapy outset and at reporting intervals",
                "G8994": "Other physical or occupational subsequent functional limitation, projected goal status, at therapy episode outset, at reporting intervals, and at discharge or to end reporting",
                "G8995": "Other physical or occupational subsequent functional limitation, discharge status, at discharge from therapy or to end reporting"
            }
        },
        "CPT codes": {},
        "HCPCS codes": {},
        "reimbursement": [
            "No specific issues or information regarding reimbursement have been identified"
        ],
        "presentation signs and symptoms": [
            "Patients usually report a dull ache that is present in the low back, although rarely above the beltline and usually below the posterior superior iliac spine (PSIS) in a 3 x 10 cm rectangular pattern.(1,3) It can also radiate into the pelvis, groin, gluteal region, thigh, or calf.(2,3) Authors of a study (N = 50 patients, 18 men and 32 women) in the United States found 18 patterns of pain referral using positive SIJ injection blocks with a pain diagram and a visual analog scale (V AS). 94% had buttock pain, 72.0% had lower lumbar pain, and 28.0% had leg pain distal to the knee(7)",
            "Although patients with other causes of nonspecific LBP may describe a similar pain referral pattern, those with SIJ dysfunction usually have minimal or no symptoms in the ischial tuberosity region(3)",
            "Symptoms are four times more likely to be unilateral than bilateral",
            "Numbness, clicking, or popping are sometimes reported in the area of the SIJ(2)",
            "Tenderness may be found along or below the SIJ line(1,2,35)",
            "Weight-bearing  activities of daily living (ADLs) such as walking, running, and stair climbing may increase symptoms(8,29)",
            "Sitting and bending at the waist may also aggravate pain,(9) as may standing and/or bending after sitting for an extended period of time(28) Causes, Pathogenesis, & Risk Factors"
        ],
        "contraindications precautions to test": [
            "Perianal paresthesia or loss of bowel/bladder control may indicate a medical emergency. This may be due to a large herniation onto the cauda equina (i.e., cauda equina syndrome) that is below the termination of the spinal cord.(9) (See Clinical Review\u2026Cauda Equina Syndrome ; Topic ID Number: T708499)",
            "Patients with a known family history of cancer, unexplained weight loss, or persistent pain lasting more than 30 days should receive further medical evaluation and review of systems to rule out metastatic disease(9)"
        ],
        "psychometric properties": [],
        "potential complications adverse effects": [],
        "test preparation materials required": [],
        "test procedure": [],
        "test scoring interpretation": []
    },
    "causes & risk factors": {
        "causes": [
            "Direct fall on or other severe trauma to the hip, sacrum, or buttocks that causes pelvic torsion.(1) Patients with SIJdysfunction often report a precipitating traumatic event(1,2,35)",
            "Any asymmetrical motion of the pelvis, such as from leg-length discrepancy, a unilaterally weak lower extremity, tightmyofascial structures (e.g., iliopsoas), scoliosis,(26) abnormal spinal curvature, and/or unilateral lower extremity pain onweight-bearing",
            "Asymmetric laxity of SIJ during pregnancy may be a cause.(10) (See Clinical Review\u2026Pelvic Pain in Pregnancy ; Topic IDNumber: T708562)",
            "Abnormal gait patterns(1,2,35)",
            "Degenerative hip or knee osteoarthritis (OA) may alter SI joint mobility.(27) Hip OA can lead to leg-length  shorteningassociated with SIJ pain(26)",
            "Repetitive trunk and hip rotational motions(e.g., shoveling)",
            "Activation of the piriformis, biceps femoris, gluteal muscles, erector spinae, latissimus dorsi, and iliacus can aggravate SIJpain(26)",
            "Gout, rheumatoid arthritis, psoriasis, and ankylosing spondylitis can cause SIJ inflammation(27)"
        ],
        "pathogenesis": [
            "The specific anatomical source of pain originating from the SIJ is unclear. Potential pain generators include the SIJ surfaceand the SI ligaments(3,4)",
            "The viscoelastic properties of the SIJ allow only minimal movement. However, when the SI ligaments are sprained orrelax, such as during pregnancy, asymmetric SI mobility may generate pain.(10) Clinically, SIJ dysfunction may be definedas abnormal movement between the sacrum and ilium. The movement may even cause a pelvic obliquity, which is amalalignment resulting in asymmetry between the anatomical position of both ilia. Arthritic pain may follow loosening ofthe ligaments or injury to the irregular articular surface",
            "The SI joint is a pain-sensitive  structure, and because it is so richly innervated SIJ may present in many different ways,with a large variety of referral patterns(26)"
        ],
        "risk factors": [
            "Age over 50 years(4)",
            "Although Irwin et al. found that gender, body mass index (BMI), and smoking status were not risks for SIJ dysfunction,women have been suspected of possessing less stable SI joints(4)",
            "Individuals participating in sporting activities that involve significant throwing, kicking, or unilateral loading are at ahigher risk(2)",
            "Women may be at increased risk due to pregnancy",
            "Women may be at increased risk for SI joint problems due to their broader pelvises, greater femoral neck anteversion, andshorter limb lengths(26)",
            "History of recurrent back pain(30)",
            "Job that includes heavy workload(30)"
        ]
    },
    "indications for procedure": [],
    "overall contraindications precautions": [
        "See specific  Contraindications/precautions to examination   and  Contraindications/precautions   under Assessment/"
    ],
    "contraindications precautions to procedure": {},
    "guidelines for use of procedure": {},
    "examination": {
        "contraindications precautions to examination": [
            "Perianal paresthesia or loss of bowel/bladder control may indicate a medical emergency. This may be due to a large herniation onto the cauda equina (i.e., cauda equina syndrome) that is below the termination of the spinal cord.(9) (See Clinical Review\u2026Cauda Equina Syndrome ; Topic ID Number: T708499)",
            "Patients with a known family history of cancer, unexplained weight loss, or persistent pain lasting more than 30 days should receive further medical evaluation and review of systems to rule out metastatic disease(9)"
        ],
        "history": {
            "history of present illness": {
                "mechanism of injury or etiology of illness": " Mechanism of injury or etiology of illness -How long have you been experiencing symptoms? -What were the symptoms at onset and how have they changed since? -Was onset of pain related to trauma, overuse, or pregnancy? -Just prior to the onset of symptoms, what was the position of your body? In what activity were you involved?",
                "course of treatment": {
                    "medical management": "Ask about patient\u2019s past and current medical management, possibly including activity modification and/or bracing with SIJ belt. How has the pain responded to treatment? Surgical intervention is reserved for SIJ pain refractory to conservative care",
                    "surgical management": [],
                    "medications": "Determine what medications clinician has prescribed; are they being taken? Are they effective? NSAIDs are usually prescribed for pain management Corticosteroid injections may be beneficial for sacroiliitis(29)",
                    "diagnostic tests completed": [
                        "Diagnostic tests completed: Structural abnormality rarely is found on radiology evaluation of patients with SIJ dysfunction(8)",
                        "Pubic symphyseal changes of OA degeneration and/or vertical displacement may be clearly visualized on an AP view. Together with positive provocative maneuvers and a subjective history of low back pain, this confirmation may prove SIJ disease(39)",
                        "Magnetic resonance imaging(MRI) and X-ray  tests may be used to rule out other conditions (e.g., ankylosing spondylitis,(11) malignancy,(8) or fractures)(8)",
                        "According to Kok et al., MRI has emerged as the preferred imaging of the SI joint because of multiplanar imaging capability and superior soft tissue and bone marrow contrast on short tau inversion recovery (STIR) and",
                        "fatsaturated T2-weighted  sequences(40) ",
                        "Isotope bone scintigraphy and lidocaine injection have excellent specificity but poor sensitivity for identifying SIJ dysfunction(29,35,40)"
                    ],
                    "alternative therapies": "Document any use of home remedies (e.g., ice or heating pack) or alternative therapies (e.g., acupuncture) and whether or not they help",
                    "previous therapy": "Document whether patient has had physical therapy or chiropractic care for this or other conditions and what specific treatments were helpful or not helpful. Were shoe inserts/lifts ever recommended or used?"
                },
                "aggravating easing factors": " Stair climbing, car transfers, and getting out of a chair are typical aggravating activities. Women with a history of pregnancy-related  SIJ pain often report reoccurrences during menstruation or in a later pregnancy.(4) Does the patient note any pain-relieving  activities or positions?",
                "body chart": "",
                "nature of symptoms": "Document nature of symptoms (e.g., constant vs. intermittent, sharp, dull, aching, burning, numbness, tingling). Pain may be dull, aching, and/or stabbing -Body chart -Use body chart to document location and nature of symptoms -Dermatomal distribution of pain is not consistent with lumbar or sacral nerve root compression and may radiate to groin or lateral thigh. Description or diagram of pain should localize it to buttock area and possibly thigh, but not above L5. A quasi-validated  \u201cpain distribution pattern template\u201d may help in the diagnosis(12)",
                "rating of symptoms": "Use a V AS or 010  scale to assess symptoms at their best, at their worst, and at the moment (specifically address if pain is present now and how much)",
                "pattern of symptoms": "Document changes in symptoms throughout the day and night, if any (A.M., mid-day,  P.M., night); also document changes in symptoms due to weather or other external variables",
                "sleep disturbance": "Document number of wakings/night related to this condition. In what position does the patient sleep? Does the patient use pillows for positioning?",
                "other symptoms": "Document other symptoms patient may be experiencing that could exacerbate the condition and/ or symptoms that could be indicative of a need to refer to physician (e.g., persistent night pain, bowel/bladder/sexual dysfunction, saddle anesthesia) Barriers to learning -Are there any barriers to learning? Yes__ No__ -If Yes, describe _______________________",
                "respiratory status": ""
            },
            "medical history": {
                "past medical history": {
                    "previous history of same similar diagnosis": " Previous history of same/similar diagnosis Any history of sudden pain after torsion to the sacral area? Any previous back problems or scoliosis? Any history of back pain during menstruation or a previous pregnancy? Pain with coughing or sneezing? Bowel and bladder dysfunction? Lumbar facet syndrome Lumbar disc herniation Authors of a single group cross-sectional  study (N = 202 patients with proven lumbar disc herniation) found that 72.3% also had at least four positive anatomical and two positive provocative tests for SIJ dysfunction(30)",
                    "comorbid diagnoses": "Ask patient about other problems, including diabetes, cancer, heart disease, complications of pregnancy, psychiatric disorders, orthopedic disorders, osteoporosis, genitourinary disorders, etc.",
                    "medications previously prescribed": "Obtain a comprehensive list of medications prescribed and/or being taken (including overthe-counter  drugs)",
                    "other symptoms": "Ask patient about other symptoms he/she may be experiencing"
                }
            },
            "social and occupational history": {
                "patient\u0432\u0402\u2122s goals": "",
                "vocation avocation and associated repetitive behaviors, if any": "How is function affected in occupational, recreational, and daily activities? Are there other contributory problems, such as loss of income or depression? Does patient perform repetitive movements at work or with activities that might be contributing to the problem?",
                "functional limitations assistance with ADLs adaptive equipment": "Note any use of assistive devices ",
                "living environment": "Ask about stairs, number of floors in home, caregivers, etc."
            }
        },
        "relevant tests and measures": {
            "general": "(While tests and measures are listed in alphabetical order, sequencing should be \u203aRelevant tests and measures: (While tests and measures are listed in alphabetical order, sequencing should be appropriate to patient medical condition, functional status, and setting)",
            "anthropometric characteristics": " Anthropometric characteristicsExcess weight may affect the SIJ and other spinal structures(4)Measure true leg length and compare bilaterally, as leg-length  discrepancy may affect pelvic rotation(13)",
            "assistive and adaptive devices": "Some patients, especially pregnant or postpartum women, may wear an SIJ belt for pain relief. SIJ laxity appears more reduced when the belt is positioned just caudal to the anterior superior iliac spine (ASIS) than at the level of the pubic symphysis(14)Assess body mechanics; if applicable, assess ergonomics and workstation setup",
            "balance": "Assess single-leg  stance and note whether sway or pain is increased on one side. If the patient cannot tolerate unilateral stance, can assess in bilateral stance, dynamically and statically, eyes open and eyes closed",
            "cardiorespiratory function and endurance": [],
            "circulation": "",
            "functional mobility": "Assess ability to perform functional mobility (including bed mobility, transfers, and stairs) and assess for faulty mechanics that might be contributing to the SIJ problem",
            "gait locomotion": "Observe gait for faulty mechanics or asymmetry that may indicate restriction or weakness (e.g., short step length resulting from restricted hip flexor or Trendelenburg due to a weak gluteus medius)Palpation of the SIJ to assess mobility has very poor inter-  and intra-examiner reliability.(15) Lumbar and hip joint mobility should be examined to assist in ruling out other pathologies",
            "muscle strength": " Muscle strength \u2013Assess core strength (trunk extension, lateral flexion, rotation, and forward flexion) and side-to-side  strength balance of pelvic stabilizers \u2013Perform thorough assessment of lower-extremity  strength \u2013Leg weakness following a myotomal pattern is an atypical finding and suggests that a lumbosacral condition might be present",
            "observation inspection palpation including skin assessment": [
                "Assess for tenderness over the posterior superior iliac spine (PSIS), possibly from irritation of the nearby ligaments. Palpate for pain at long posterior SI ligament, sacrotuberous ligament, and short posterior sacroiliac ligament",
                "During assessment, a pelvic obliquity may also be indicated by asymmetry between the right and left ASISs and PSISs.(13) May also need to compare pelvic obliquity in lying and sitting to assist in discerning between a true leg-length discrepancy and a functional leg-length  discrepancy caused by an innominate rotation",
                "Determine if pelvic inflare or outflare, ilial anterior or posterior translation, or sacral flexion or extension abnormalities are present",
                "Also assess for myofascial pain/spasms in pelvic stabilizers, such as the iliopsoas, latissimus dorsi, gluteus maximus, quadratus lumborum, and gluteus medius, and piriformis muscle"
            ],
            "posture": "Assess postural alignment throughout. Compare lower extremities for asymmetry in standing such as excessive hip external rotation and/or foot pronation. In addition to being associated with leg-length  discrepancies, pelvis rotations can also cause scoliosis(13) \u2013Authors of a study (N = 150 neurologic patients with leg-length  discrepancy due to scoliosis) in Finland found that 87% had a reversible pelvic asymmetry. Patients with a C-type  scoliosis had a posterior rotation of the pelvis and an apparent longer leg length on the concavity (ipsilateral) side, whereas patients with an S-type  scoliosis had an ipsilateral anterior rotation of the pelvis with an apparent shorter leg(13)",
            "range of motion": " Range of motion \u2013Muscle tightness and mechanical restrictions in range of motion (ROM) are commonly found in patients with SIJ dysfunction, but no clear pattern of restriction in trunk or hip ROM has been established -Assess trunk ROM, looking for quantity, quality, and reproduction of symptoms during each maneuver. Also consider analyzing the amount of movement occurring at the SIJ via the PSIS during trunk motions(16) -Assess passive hip ROM; take note of quantity and quality of motion, along with the end feel(16) -Determine whether muscle tightness in the hamstrings (straight leg raise test), iliopsoas (Thomas test), or iliotibial band (Ober\u2019s test) is present(16)",
            "self-care activities of daily living": "",
            "reflex testing": "Assess patellar and Achilles tendon reflexes (usually not affected by SIJ dysfunction but useful for ruling in other conditions) Evaluate as indicated",
            "sensory testing": "Deficits in lower extremity dermatomes are atypical and suggest that a lumbosacral condition might be present",
            "special tests specific to diagnosis": " Special tests specific to diagnosiswith the patient supine, the examiner flexes, abducts, and externally rotates the hip on the symptomatic side. A positive result is the reproduction of symptoms in the SI joint area(16)examiner palpates both PSISs as the patient bends forward as far as possible; test positive for asymmetry if PSIS moves further cranially on one side (asymmetric movement is usually observed on the symptomatic side)(17)patient seated with both feet on the floor, examiner palpates both PSISs as the patient forward flexes and tests positive for asymmetry if PSIS moves further cranially on one side. The innominates are fixed in place in sitting, thus isolating out iliac motion(42)the patient is supine with the examiner at foot of the table. After the patient does a bridge maneuver (Weber\u2013Barstow  maneuver) to align the pelvis into neutral, the examiner passively extends the legs of the patient and compares the position of the medial malleoli. The patient is then asked to change to a long sit position, and another comparison of the medial malleoli is performed. A positive result is an observable change in the comparative position of the malleoli and suggests pelvic rotationexaminer alternately palpates right and left PSIS and midline of sacrum at horizontal level of PSIS as patient flexes knee and hip to 90\u00b0 on the same side of PSIS palpation; test positive for asymmetry if PSIS moves cranially further on one side (usually the painful side) compared to midline of sacrum(17)SIJ pain on three or more of the following tests had a sensitivity and specificity of 94% and 78%, respectively, for SIJ dysfunction compared to intra-articular  anesthetic block injections(15,18)with the patient supine, the examiner applies a posteriorly directed force bilaterally on the ASIS. This results in distraction of both SIJswith the patient side-lying,  a vertical force toward the floor is directed onto the ASIS, which results in compression of both SIJswith the patient supine, one hip on the symptomatic side is flexed to 90\u00b0 and a posteriorly directed force is applied through the femurpatient lies supine with one leg over the edge of the examination table. Downward overpressure is applied on the leg hanging over the edge while the hip on the contralateral side is flexed with overpressure. The maneuver is performed bilaterallywhile the patient is prone, a downward pressure is applied onto the apex of the sacrum \u2013Oswestry Disability Index (ODI)(31,32) -Authors of a prospective trial (N = 155 patients who received minimally invasive SIJ fusion) in the United States found that ODI scores before and after surgery were a valid measure of disability caused by SIJ pain(36)",
            "speech and language examination": "",
            "neurological examination": "",
            "oral structure and oral motor function": "",
            "perception": "",
            "arousal attention cognition": "",
            "aac assessment": "",
            "swallow examination": "",
            "tracheostomy examination": ""
        }
    },
    "assessment plan of care": {
        "contraindications precautions": {
            "cryotherapy contraindications": [],
            "cryotherapy precautions": [],
            "contraindications precautions": [
                "Raynaud\u2019s syndrome",
                "Cryoglobulinemia",
                "Cold urticaria",
                "Paroxysmal cold hemoglobinuria",
                "Impaired sensation ",
                "Impaired circulation or slow-healing  wounds",
                "Hypertension  cold can lead to an increase in blood pressure",
                "Hypersensitivity to cold",
                "Avoid aggressive treatment with cold modalities over an acute wound",
                "Avoid placement over superficial nerves for extended periods (> 1 hour)",
                "May be counterproductive in patients who do not tolerate the modality",
                "Decreased sensation",
                "Vascular insufficiency",
                "Recent or potential hemorrhage",
                "Malignancy",
                "Acute inflammation",
                "Infection",
                "Where heat rubs or liniments have recently been used",
                "In patients with cognitive deficits or if a language barrier exists",
                "Stimulation through or across the chest",
                "Cardiac pacemakers",
                "Implanted stimulators",
                "Over carotid sinuses",
                "Uncontrolled hypertension/hypotension",
                "Peripheral vascular disease",
                "Thrombophlebitis",
                "Pregnancy",
                "Over pharyngeal area",
                "Diminished sensation",
                "Acute inflammation",
                "History of seizures",
                "Confused patients",
                "Immature patients",
                "Obesity",
                "Osteoporosis",
                "Cancer",
                "Used in close proximity to diathermy treatment"
            ],
            "superficial heat is contraindicated with": [],
            "electrotherapy contraindications precautions include": [],
            "other": [
                "Patients with SIJ dysfunction are at risk for falls. Follow facility protocols for fall prevention and post fall-prevention instructions at bedside, if inpatient. Ensure that patient and family/caregivers are aware of the potential for falls and educated about fall-prevention  strategies. Discharge criteria should include independence with fall-prevention strategies",
                "Only those contraindications/precautions applicable to this diagnosis are mentioned below, including with regard to modalities. Rehabilitation professionals should always use their professional judgment",
                "Clinicians should follow the guidelines of their clinic/hospital and what is ordered by the patient\u2019s physician. The summary presented below is meant to serve as a guide, not to replace orders from a physician or a clinic\u2019s specific protocols",
                "Cryotherapy  contraindications(19)",
                "Cryotherapy  precautions(19)",
                "Thermotherapy  contraindications(19)",
                "Electrotherapy  contraindications/precautions (in some cases, when approved by the treating physician, electrotherapy may be used under some of the circumstances listed below when benefits outweigh the perceived risk)(19)"
            ]
        },
        "diagnosis need for treatment": "SIJ dysfunction/mechanical low back pain associated with pelvic obliquity and/or asymmetric SI joint movement that interferes with general mobility and ADLs",
        "rule out": " Rule out Ankylosing spondylitis(2,9) Psoriatic arthritis Gynecological pathology Cauda equina syndrome(9) Piriformis syndrome Lumbosacral dysfunction (e.g., radiculopathy, discogenic, zygapophysial)(2) Reactive sacroiliitis(20) Hip joint pathology (e.g., fracture, avascular necrosis, osteoarthritis)(2) Rheumatoid arthritis(2) Myofascial pain(2) Lateral trochanteric bursitis(2)  Malignancy(2,9) Visceral referred pain(2)",
        "prognosis": [
            "Pregnancy-related  SIJ dysfunction has a good postpartum prognosis, generally independent of treatment(10)",
            "Authors of a cohort study (N = 69) without controls in the United States found that 95% of patients treated for SIJ pain in a structured pelvic stabilization program (administered by one physical therapist) rated their outcome as good or excellent at a minimum of 2 years follow-up(21)"
        ],
        "referral to other disciplines": " Referral to other disciplines Chiropractor, osteopathic physician, or physical therapist with manual therapy skills for trial of manual therapy Physician for red-flag  symptoms Emergency services if cauda equina syndrome is suspected Orthopedic surgical consult for CT-guided  SI fusion in recalcitrant cases(22) Orthotist for heel lift or shoe lift if patient has true leg-length discrepancy Neuro-optometrist(32)",
        "other considerations": [
            "Authors of a prospective cohort study (N = 61) in Turkey found that corticosteroid injection for treating SIJ pain was effective in the short-term  (day after injection, 1 week, and 3 weeks)for patients with high-grade  arthritis but not at 6 months or 2 years; patients with low-grade  arthritis, however,did experience a long-term benefit(37)",
            "In a case study, an athlete with posture-related  SIJ pain who had undergone multiple interventions (e.g., muscle energy techniques, therapeutic exercises, and chiropractic manipulation) with minimal improvement had complete resolution of symptoms following prescription of prism glasses to improve his spatiotemporal orientation. Visual midline shift syndrome (VMSS) had impaired his posture(32)"
        ],
        "treatment summary": [
            "Physical therapy treatment for SIJ dysfunction includes therapeutic exercise, manual therapy, cryotherapy, and functional training \u2013Authors of a small randomized controlled trial (RCT) (N = 30) in India found that the ODI decreased 27% in the group that received muscle energy technique (MET) compared to 19% in the group that received traditional physical therapy (i.e., transcutaneous electrical stimulation [TENS] and therapeutic exercise)(23) \u2013For a patient with an anteriorly rotated innominate, MET technique is performed with the patient in supine with the affected hip flexed to 90\u00b0 with slight external rotation. The patient is asked to extend the affected hip while holding the contraction for 3-4 seconds, while the therapist provides manual resistance(43) \u2013However, authors of another RCT (N = 30) in India found that the MET group and the conventional physical therapy group had similar reductions in pain and ODI. The MET group also demonstrated a return to near normal for functional leg-length  difference(31) \u2013Authors of a case study in South Korea found that 11 sessions of posterior pelvic tilt Kinesio taping improved pelvic inclination and reduced medial buttock pain in an amateur swimmer with LBP related to SIJ dysfunction and increased sacral horizontal angle(33) \u2013Authors of a retrospective study (N = 677) in South Africa found that physiotherapists who had treated the patients for SIJ dysfunction were most likely to use stretches and mobility exercises in combination with joint mobilizations and soft tissue massage for treatment, although evidence was lacking to support the efficacy of any particular intervention(34) \u2013Evidence is lacking on the effectiveness of ultrasound, neuromuscular electrical stimulation, iontophoresis, TENS, and other electrotherapeutic modalities in SIJ dysfunction \u2013Authors of a randomized controlled trial in Korea concluded that gait training with shoe inserts significantly decreased pain in patients with sacroiliac dysfunction(41)",
            "SIJ Belt \u2013Authors of a case-control  study (N = 34) in Germany found that application of a belt had little effect on pelvic morphometry (e.g., alignment of the lumbar spine) using MRI or on 1-leg  standing balance in patients with SIJ dysfunction, although 53% reported a reduction in pain(38) .  Problem Goal Intervention Expected Progression Home Program LBP, buttock pain, and leg pain _ _ Myofascial and SIJ tendernessDecrease patient symptoms and tendernessPhysical agents and mechanical modalities _ Cryotherapy for pain control. Hot packs can also be used for pain relief in nonacute conditions _ _ Prescription, application of devices and equipment _ Prescription of an SIJ belt should be part of initial treatment in managing pelvic pain during pregnancy(10) _ _ Manual therapy _ Soft-tissue mobilization (e.g., effleurage, p\u00e9trissage) for pain relief and reducing muscle tenderness(16)If being utilized, wean use of SIJ belt as symptoms diminishProvide recommendations as indicated for activity modification (e.g., avoid sitting, walking, or standing for periods longer than 30 minutes)(16) and promotion of pain- relieving positions and activities _ _ Educate the patient on the use of ice for pain management  Presence of pelvic obliquity, posture deficits, and leg-length discrepancySymmetrical pelvis and posture _ _ Symmetrical or fully corrected leg lengthsManual therapy _ Muscle energy techniques and joint mobilizations to correct pelvic obliquity and SIJ hypomobility(24) _ _ High-velocity thrust manipulations may also be effective in patients with a hypomobile SIJ without lumbar pathology(6,25) _ _ Prescription, application of devices and equipment _ Prescribe an appropriate heel lift to use in the shoe on the side where the true leg-length discrepancy exists(13) _ SIJ belt may help to stabilize hypermobile SIJ _ Proprioceptive taping can be used to either restrict faulty movement of the ilium or facilitate proper muscle activity(16,33)Progress as indicated Instruct the patient to avoid impact activities. Also provide a home exercise program that incorporates self MET to correct any pelvic obliquities, as well as a muscle stretching and strengthening program  Decreased trunk, pelvis, and hip ROM/ decreased core and hip strengthNormalize trunk, pelvis, and hip ROM/ restore core and hip strengthTherapeutic exercises _ Stretching and strengthening exercises are necessary to correct muscle imbalance patterns that have contributed to pelvic obliquity and asymmetric SIJ movement. Initiate passive stretching of the hip adductors, hip flexors, hamstrings, piriformis, and iliotibial band.(16) As flexibility improves, begin a core/ pelvic strengthening program in a static neutral spine position that emphasizes proper technique and endurance (e.g., duration of exercise or repetitions of 20)(16)Progress strengthening program to dynamic stabilization exercises. Incorporate low-impact aerobic activity as appropriateIncorporate stretching and strengthening exercises into the home exercise program Unable to work or participate in sport because of symptomsReturn to work or sport without symptomsFunctional training _ Simulate work-related movements with proper posture and safety training. If an athlete, progress cardiovascular/aerobic training. Introduce agility and variable speed exercises,(16) sport-specific activities _ Ergonomic assessment if indicatedBegin introducing limited-duration work or sport activities with the goal of reintegrating patient back into the environmentModify and progress home program as appropriate ."
        ]
    },
    "desired outcomes outcome measures": {},
    "maintenance or prevention": [
        "Continue independent exercise therapy and physical fitness program",
        "Follow proper body mechanics during all functional activities",
        "Continue to wear SIJ belt, if prescribed, during activities that can cause exacerbation of symptoms"
    ],
    "patient education": [
        "Sherman, AL.\u201cSacroiliac Joint Injury,\u201d Medscape website: http://emedicine.medscape.com/article/96054-overview Coding Matrix References are rated using the following codes, listed in order of strength: MPublished meta-analysis SRPublished systematic or integrative literature review RCTPublished research (randomized controlled trial) RPublished research (not randomized controlled trial) CCase histories, case studies GPublished guidelinesRVPublished review of the literature RUPublished research utilization report QIPublished quality improvement report LLegislation PGRPublished government report PFRPublished funded reportPPPolicies, procedures, protocols XPractice exemplars, stories, opinions GIGeneral or background information/texts/reports UUnpublished research, reviews, poster presentations or other such materials CPConference proceedings, abstracts, presentation"
    ],
    "references": [
        {
            "number in article": 1,
            "reference": "Forst SL, Wheeler MT, Fortin JD, Vilensky JA. The sacroiliac joint: anatomy, physiology and clinical significance. Pain Physician . 2006;9(1):61-67.  (RV)"
        },
        {
            "number in article": 2,
            "reference": "Foley BS, Buschbacher RM. Sacroiliac joint pain: anatomy, biomechanics, diagnosis, and treatment. Am J Phys Med Rehabil . 2006;85(12):997-1006.  (RV)"
        },
        {
            "number in article": 3,
            "reference": "der Wurff P, Buijs EJ, Groen GJ. Intensity mapping of pain referral areas in sacroiliac joint pain patients. J Manipulative Physiol Ther . 2006;29(3):190-195.  (R)"
        },
        {
            "number in article": 4,
            "reference": "Irwin RW, Watson T, Minick RP, Ambrosius WT. Age, body mass index, and gender differences in sacroiliac joint pathology. Am J Phys Med Rehabil . 2007;86(1):37-44.  (R)"
        },
        {
            "number in article": 5,
            "reference": "McGrath MC. Composite sacroiliac joint pain provocation tests: a question of clinical significance. Int J Osteopath Med . 2010;13(1):24-30.  (X)"
        },
        {
            "number in article": 6,
            "reference": "Shearar KA, Colloca CJ, White HL. A randomized clinical trial of manual versus mechanical force manipulation in the treatment of sacroiliac joint syndrome. J Manipulative Physiol Ther . 2005;28(7):493-501.  (RCT)"
        },
        {
            "number in article": 7,
            "reference": "Slipman CW, Jackson HB, Lipetz JS, Chan KT, Lenrow D, Vresilovic EJ. Sacroiliac joint pain referral zones. Arch Phys Med Rehabil . 2000;81(3):334-338.  (R)"
        },
        {
            "number in article": 8,
            "reference": "Zelle BA, Gruen GS, Brown S, George S. Sacroiliac joint dysfunction: evaluation and management. Clin J Pain . 2005;21(5):446-455.  (RV)"
        },
        {
            "number in article": 9,
            "reference": "Murray CW. Sacroiliac joint dysfunction: a case study. Orthop Nurs . 2011;30(2):126-131.  (C)"
        },
        {
            "number in article": 10,
            "reference": "Nilsson-Wikmar  L, Holm K, Oijerstedt R, Harms-Ringdahl  K. Effect of three different physical therapy treatments on pain and activity in pregnant women with pelvic girdle pain: a randomized clinical trial with 3, 6, and 12 months follow-up postpartum. Spine. 2005;30(8):850-856.  (R)"
        },
        {
            "number in article": 11,
            "reference": "Song IH, Sieper J, Rudwaleit M. Diagnosing early ankylosing spondylitis. Curr Rheumatol Rep . 2007;9(5):367-374.  (RV)"
        },
        {
            "number in article": 12,
            "reference": "Jung JH, Kim HI, Shin DA. Usefulness of pain distribution pattern assessment in decision-making  for the patients with lumbar zygopophyseal and sacroiliac joint arthropathy. J Korean Med Sci . 2007;22(6):1048-1054.  (R)"
        },
        {
            "number in article": 13,
            "reference": "Timgren J, Soinila S. Reversible pelvic asymmetry: an overlooked syndrome manifesting as scoliosis, apparent leg-length  difference, and neurologic symptoms. J Manipulative Physiol Ther . 2006;29(7):561-565.  (R)"
        },
        {
            "number in article": 14,
            "reference": "Mens JM, Damen L, Snijders CJ, Stam HJ. The mechanical effect of a pelvic belt in patients with pregnancy-related  pelvic pain. Clin Biomech . 2006;21(2):122-127.  (R)"
        },
        {
            "number in article": 15,
            "reference": "Laslett M. Evidence-based  diagnosis and treatment of the painful sacroiliac joint. J Man Manip Ther . 2008;16(3):142-152.  (RV)"
        },
        {
            "number in article": 16,
            "reference": "Vaughn HT, Nitsch W. Ilial anterior rotation hypermobility in a female collegiate tennis player. Phys Ther . 2008;88(12):1578-1590.  (C)"
        },
        {
            "number in article": 17,
            "reference": "Brumm LF, Nogle SE, Carrier DP, Johnson SM. Structural evaluation and manual-medicine  treatment of groin injuries: looking beyond the soft tissue. Athletic Ther Today . 2001;6(4):15-23,  32-33, 64. (RV)"
        },
        {
            "number in article": 18,
            "reference": "Laslett M, Aprill CN, McDonald B, Young SB. Diagnosis of sacroiliac joint pain: validity of individual provocation tests and composites of tests. Man Ther . 2005;10(3):207-218. (R)"
        },
        {
            "number in article": 19,
            "reference": "Bellew JW, Michlovitz SL, Nolan TP, Jr. Michlovitz\u2019s Modalities for Therapeutic Intervention . 6th ed. Philadelphia, PA: F. A. Davis Company; 2016. (GI)"
        },
        {
            "number in article": 20,
            "reference": "Wong M, Vijayanathan S, Kirkham B. Sacroiliitis presenting as sciatica. Rheumatology . 2005;44(10):1323-1324.  (RV)"
        },
        {
            "number in article": 21,
            "reference": "Sasso RC, Ahmad RI, Butler JE, Reimers DL. Sacroiliac joint dysfunction: a long-term  follow-up study. Orthopedics . 2001;24(5):457-460.  (R)"
        },
        {
            "number in article": 22,
            "reference": "Ziran BH, Heckman D, Smith WR. CT-guided  stabilization for chronic sacroiliac pain: a preliminary report. J Trauma . 2007;63(1):90-96.  (X)"
        },
        {
            "number in article": 23,
            "reference": "Dhinkaran M, Sareen A, Arora T. Comparative analysis of muscle energy technique and conventional physiotherapy in treatment of sacroiliac joint dysfunction. Indian J Physiother Occup Ther . 2011;5(4):127-130.  (RCT)"
        },
        {
            "number in article": 24,
            "reference": "Rana K, Bansal N. Comparative analysis on the efficacy of G.D. Maitland's concept of mobilization & muscle energy technique in treating sacroiliac joint dysfunction. Indian J Physiother Occup Ther . 2009;3(2):18-21.  (R)"
        },
        {
            "number in article": 25,
            "reference": "Ratner J, Wang S, Trudelle-Jackson  E. Outcomes of a high-velocity  thrust manipulation on patients with sacroiliac joint hypomobility dysfunction. J Orthop Sports Phys Ther . 2008;38(1 suppl):A61-A62.  (R)"
        },
        {
            "number in article": 26,
            "reference": "Sherman AL, Gotlin R. Sacroiliac joint injury. Medscape Web site. http://emedicine.medscape.com/article/96054-overview . Published November 4, 2016. Accessed June 20,"
        },
        {
            "number in article": 2017,
            "reference": " (GI)"
        },
        {
            "number in article": 27,
            "reference": "Eck JC. Sacroiliac joint dysfunction (SI joint pain). MedicineNet Web site. http://emedicine.medscape.com/article/96054-overview . Published November 4, 2016. Accessed June 20, 2017. (GI)"
        },
        {
            "number in article": 28,
            "reference": "Sacroiliac joint pain \u2013 aftercare. MedlinePlus Web site. http://www.nlm.nih.gov/medlineplus/ency/patientinstructions/000610.htm . Published June 7, 2017. Accessed June 20,"
        },
        {
            "number in article": 2017,
            "reference": " (GI)"
        },
        {
            "number in article": 29,
            "reference": "Stout A, Hager N, Kaufman MS. Spinal injection techniques. In: Braddom RL, ed. Physical Medicine and Rehabilitation . 4th ed. Philadelphia, PA: Elsevier Saunders; 2011:541-553.  (GI)"
        },
        {
            "number in article": 30,
            "reference": "Madani SP, Dadian M, Firouznia K, Alalawi S. Sacroiliac joint dysfunction in patients with herniated lumbar disc: a cross-sectional  study. J Back Musculoskelet Rehabil . 2013;26(3):273-278.  doi:10.3233/BMR-130376.  (R)"
        },
        {
            "number in article": 31,
            "reference": "Bindra S, Kumar M, Singh PP, Singh J. A study on the efficacy of muscle energy technique as compared to conventional therapy in chronic low back pain due to sacroiliac joint dysfunction. Indian J Physiother Occup Ther . 2012;26(1):200-203.  (RCT)"
        },
        {
            "number in article": 32,
            "reference": "Robey JH, Boyle K. The role of prism glass and postural restoration in managing a collegiate baseball player with bilateral sacroiliac joint dysfunction: a case report. Int J Sport Phys Ther . 2013;8(5):716-728.  (C)"
        },
        {
            "number in article": 33,
            "reference": "Lee JH, Yoo WG. Application of posterior pelvic tilt taping for the treatment of chronic low back pain with sacroiliac joint dysfunction and increased sacral horizontal angle. Phys Ther Sport . 2012;13(4):279-285.  doi:10.1016/j.ptsp.2011.10.003. (C)"
        },
        {
            "number in article": 34,
            "reference": "Watson ED. Popular treatment modalities in the management of sacroiliac joint dysfunction. S Afr J Physiother . 2012;68(3):3-6.  (GI)"
        },
        {
            "number in article": 35,
            "reference": "Cohen SP, Chen Y, Neufeld NJ. Sacroiliac joint pain: a comprehensive review of epidemiology, diagnosis and treatment. Expert Rev Neurother . 2013;13(1):99-116.  (RV)"
        },
        {
            "number in article": 36,
            "reference": "Copay AG, Cher DJ. Is the Oswestry Disability Index a valid measure of response to sacroiliac joint treatment. Qual Life Res . 2016;25(2):283-292. doi:10.1007/s11136-015-1095-3.  (R)"
        },
        {
            "number in article": 37,
            "reference": "Savran Sahin B, Aktas E, Haberal B, et al. Sacroiliac pain and CT-guided  steroid injection treatment: high-grade  arthritis has an adverse effect on outcomes in long-term follow-up.  Eur Rev Med Pharmacol Sci . 2015;19(15):2804-2811.  (R)"
        },
        {
            "number in article": 38,
            "reference": "Soisson O, Lube J, Germano A, et al. Pelvic belt effects on pelvic morphometry, muscle activity and body balance in patients with sacroiliac joint dysfunction. PLoS One . 2015;10(3):e0116739. doi:10.1371/journal.pone.0116739. (R)"
        },
        {
            "number in article": 39,
            "reference": "Becker S, Capobianco R, Seita M. Sacroiliac joint pain associated with changes in the pubic symphysis? A radiographic pilot study. Eur J Orthop Surg Traumatol . 2015;243-249.  doi:10.1007/s00590-014-1575-0.  (R)"
        },
        {
            "number in article": 40,
            "reference": "Kok HK, Mumtaz A, O'Brien C, Kane D, Torreggiani WC, Delaney H. Imaging the patient with sacroiliac pain. Can Assoc Radiol J . 2015;67(1):41-51.  (R)"
        },
        {
            "number in article": 41,
            "reference": "Cho BY, Yoon JG. The effect of gait training with shoe inserts on the improvement of pain and gait in sacroiliac joint patients. J Phys Ther Sci . 2015;27(8):2469-2471.  (RCT)"
        },
        {
            "number in article": 42,
            "reference": "O\u2019Dell MW, Lin CD, Singh JR, Christolias GC. The physiatric history and physical examination. In: Braddom RL, ed. Physical Medicine and Rehabilitation . 5th ed. Philadelphia, PA: Elsevier Saunders; 2016:23. (GI)"
        },
        {
            "number in article": 43,
            "reference": "Ensor AW. Physical therapy management of sacroiliac pain and dyspareunia: a case report. J Womens Health Phys Ther . 2016;30(3):147-153.  doi:10.1097/ JWH.0000000000000063. (C)"
        }
    ]
}