{
	"metadata": {
		"title": "",
		"synonyms": [],
		"anatomical location body part affected": [],
		"area of specialty": [],
		"description": [],
		"indications": [],
		"ICD-9 codes": {},
		"ICD-10 codes": {},
		"ICD-11": {},
		"G-codes": {},
		"CPT codes": {},
		"HCPCS codes": {},
		"reimbursement": [],
		"presentation signs and symptoms": [],
		"contraindications precautions to test": [],
		"psychometric properties": [],
		"potential complications adverse effects": [],
		"test preparation materials required": [],
		"test procedure": [],
		"test scoring interpretation": []
	},
	"causes & risk factors": {},
	"indications for procedure": [],
	"overall contraindications precautions": [],
	"contraindications precautions to procedure": {},
	"guidelines for use of procedure": {},
	"examination": {
		"contraindications precautions to examination": [],
		"history": {
			"history of present illness": {
				"mechanism of injury or etiology of illness": "",
				"course of treatment": {
					"medical management": "",
					"surgical management": [],
					"medications": "",
					"diagnostic tests completed": [],
					"alternative therapies": "",
					"previous therapy": ""					
				},
				"aggravating easing factors": "",
				"body chart": "",
				"nature of symptoms": "",
				"rating of symptoms": "",
				"pattern of symptoms": "",
				"sleep disturbance": "",
				"other symptoms": "",
				"respiratory status": ""
			},
			"medical history": {
				"past medical history": {
					"previous history of same similar diagnosis": "",
					"comorbid diagnoses": "",
					"medications previously prescribed": "",
					"other symptoms": ""
				}
			},
			"social and occupational history": {
				"patient’s goals": "",
				"vocation avocation and associated repetitive behaviors, if any": "",
				"functional limitations assistance with ADLs adaptive equipment": "",
				"living environment": ""
			}			
		},
		"relevant tests and measures": {
			"general": "",
            "anthropometric characteristics": "",
            "assistive and adaptive devices": "",
            "balance": "",
            "cardiorespiratory function and endurance": [],
            "circulation": "",
            "functional mobility": "",
            "gait locomotion": "",
            "muscle strength": "",
            "observation inspection palpation including skin assessment": [],
            "posture": "",
            "range of motion": "",
            "self-care activities of daily living": "",
			"reflex testing": "",
			"sensory testing": "",
			"special tests specific to diagnosis": [],
			"speech and language examination": "",
			"neurological examination": "",
			"oral structure and oral motor function": "",
			"perception": "",
			"sensory testing": "",
			"special tests specific to diagnosis": "",
			"arousal attention cognition": "",
			"aac assessment": "",
			"swallow examination": "",
			"tracheostomy examination": ""
			
		}		
	},
	"assessment plan of care": {
		"contraindications precautions": {
			"cryotherapy contraindications": [],
			"cryotherapy precautions": [],
			"contraindications precautions": [],
			"superficial heat is contraindicated with": [],
			"electrotherapy contraindications precautions include": [],
			"other": []
		},	
		"diagnosis need for treatment": "",
		"rule out": "",
		"prognosis": [],
		"referral to other disciplines": "",
		"other considerations": [],
		"treatment summary": []		
	},
	"desired outcomes outcome measures": {},
	"maintenance or prevention": [],
	"patient education": [],
	"references": []
}


